"relevance.w","endog.w","RMSE","RMSE1","COVERAGE","COVERAGE1","FMSC.BIAS","FMSC.RMSE","FMSC.COVERAGE","FMSC.CORRECT","GMM.BIC.BIAS","GMM.BIC.RMSE","GMM.BIC.COVERAGE","GMM.BIC.CORRECT","GMM.AIC.BIAS","GMM.AIC.RMSE","GMM.AIC.COVERAGE","GMM.AIC.CORRECT","GMM.HQ.BIAS","GMM.HQ.RMSE","GMM.HQ.COVERAGE","GMM.HQ.CORRECT","CC.BIC.BIAS","CC.BIC.RMSE","CC.BIC.COVERAGE","CC.BIC.CORRECT","CC.AIC.BIAS","CC.AIC.RMSE","CC.AIC.COVERAGE","CC.AIC.CORRECT","CC.HQ.BIAS","CC.HQ.RMSE","CC.HQ.COVERAGE","CC.HQ.CORRECT","CC.MSC.BIC.BIAS","CC.MSC.BIC.RMSE","CC.MSC.BIC.COVERAGE","CC.MSC.BIC.CORRECT","CC.MSC.AIC.BIAS","CC.MSC.AIC.RMSE","CC.MSC.AIC.COVERAGE","CC.MSC.AIC.CORRECT","CC.MSC.HQ.BIAS","CC.MSC.HQ.RMSE","CC.MSC.HQ.COVERAGE","CC.MSC.HQ.CORRECT","J.90.BIAS","J.90.RMSE","J.90.COVERAGE","J.90.CORRECT","J.95.BIAS","J.95.RMSE","J.95.COVERAGE","J.95.CORRECT"
0,0,0.637397148857959,0.781025801211195,0.9777,0.9795,0.34633872229428,0.63326235975093,0.9771,0.774,0.333304816193282,0.699144008353758,0.9751,0.9211,0.321603007573133,0.743492100082299,0.9741,0.7826,0.3260698022708,0.726216379887144,0.9748,0.8567,0.317611278333878,0.764367169360335,0.9778,0.0627,0.32785915247494,0.745236199463455,0.9771,0.1755,0.322199501526967,0.753024238128338,0.9777,0.1133,0.314083266217509,0.771496321587968,0.9774,0.0546,0.314804358971617,0.775776165265417,0.976,0.1298,0.315057835367763,0.7759981563701,0.9769,0.0908,0.336207634532328,0.666212330551734,0.9755,0.8801,0.341746678417643,0.648967709570845,0.9764,0.9346
0.1,0,0.609963654775144,0.756338254700103,0.9782,0.9853,0.331735362516179,0.611163466306884,0.98,0.7842,0.317911626696005,0.675304481312067,0.977,0.9127,0.316872911369667,0.715552344154805,0.9767,0.7702,0.317006545352935,0.696527862360396,0.9769,0.8431,0.326626496282059,0.731148201347279,0.983,0.1203,0.329126810066322,0.701105323504216,0.9819,0.2756,0.329408239145422,0.714700412091511,0.9828,0.1997,0.324408915816317,0.743703163901241,0.9823,0.1083,0.322873247194633,0.742747264512296,0.9797,0.206,0.323788494387293,0.740081970971681,0.9811,0.1642,0.319596935233,0.6527231045589,0.9774,0.8676,0.320035238457286,0.634295260644352,0.9778,0.9276
0.2,0,0.510693660701176,0.760640920844072,0.9615,0.9809,0.267121857031162,0.540616732153383,0.9641,0.7946,0.244312080304739,0.641485211964162,0.9597,0.895,0.259766757445635,0.699076554250642,0.9636,0.7394,0.253001115108497,0.6796241668376,0.9613,0.816,0.284106968783361,0.663241036018913,0.9723,0.2932,0.262593659988889,0.600540335091751,0.9672,0.4974,0.272783300035598,0.628152750971529,0.9694,0.4089,0.283718278635937,0.724091442215488,0.9714,0.2599,0.274673030177751,0.724063906706407,0.9679,0.3672,0.27843949589229,0.72505759494053,0.9688,0.3316,0.247613490219752,0.579959080251906,0.9613,0.8629,0.242009880971938,0.555462689100611,0.9609,0.9248
0.3,0,0.405348300528512,0.77313912863642,0.9517,0.9847,0.23309159689936,0.484846251001451,0.9586,0.7996,0.201694419516322,0.605605543785415,0.9544,0.8818,0.230096430159657,0.68798841191936,0.9581,0.7217,0.217436267362837,0.646206595137748,0.9566,0.8036,0.224863347144286,0.541033983293365,0.9627,0.5452,0.19253740310042,0.466335648587271,0.9578,0.7422,0.206443258929101,0.507032336123444,0.9598,0.662,0.24775402159557,0.66686274240965,0.9628,0.4823,0.246500350895446,0.701810759962703,0.9624,0.5398,0.245076902308921,0.679373671924566,0.962,0.5327,0.196134697379749,0.53229284679786,0.9554,0.8591,0.180094237594274,0.487470206429254,0.9526,0.9213
0.4,0,0.333120925770211,0.774347606753021,0.9421,0.9846,0.2088298346504,0.457291176837489,0.9506,0.7941,0.168833508950641,0.572902240235171,0.9476,0.8667,0.201710321428232,0.689241386590873,0.9525,0.6962,0.185617451230354,0.642040703262551,0.9506,0.7812,0.158396872557191,0.435374702838673,0.9555,0.78,0.13144789290031,0.368674350719095,0.9495,0.8999,0.141469827872697,0.39637434669662,0.953,0.857,0.202205401651397,0.608527853732275,0.9533,0.6813,0.212719327936639,0.69228837375117,0.955,0.632,0.204196996834496,0.657349308772986,0.9533,0.6765,0.162303765748123,0.513594943884665,0.9494,0.846,0.143165888846455,0.446933211451045,0.9481,0.911
0.5,0,0.273518762863034,0.714693132541329,0.9341,0.9853,0.182109832986508,0.427590597694623,0.9415,0.8001,0.1334027301462,0.527751178940543,0.9393,0.8686,0.175825152390081,0.638037561908842,0.9449,0.7023,0.157550603521224,0.598702305642213,0.9429,0.7872,0.0968583120061706,0.321888467688638,0.9433,0.9137,0.0783988660170426,0.285348503905598,0.9365,0.9722,0.083812737689863,0.296609979871424,0.9385,0.9549,0.151081053688642,0.5353036194192,0.9414,0.7984,0.179309180749328,0.638654343756692,0.9449,0.6847,0.165000518257149,0.601046240532221,0.9434,0.7548,0.126092781129339,0.460780242672509,0.9421,0.854,0.10819744050141,0.398496578403644,0.9395,0.9161
0.6,0,0.229407141152466,0.678636563259726,0.9364,0.9879,0.168251854370875,0.401418069156498,0.9337,0.8039,0.127165839622387,0.490976440910809,0.9366,0.8609,0.167347172306999,0.599677863048049,0.9379,0.6976,0.149505424034198,0.554992168895873,0.9385,0.78,0.0646157944825204,0.24172473602011,0.9387,0.9752,0.0596610650738164,0.232357984768452,0.9377,0.9926,0.0610227115646639,0.235130700666244,0.9377,0.9872,0.13265424843389,0.494653487557362,0.9378,0.841,0.168720712588868,0.599892438652083,0.9373,0.6939,0.151947117154771,0.556126760431656,0.9379,0.7712,0.119805637892276,0.431218306545565,0.9401,0.8463,0.0958657850197302,0.37212239924174,0.937,0.9139
0.7,0,0.200032130859417,0.666413251901769,0.932,0.9897,0.148261934671486,0.371340236773657,0.9269,0.8092,0.103531220149053,0.486325631358718,0.932,0.8627,0.150511505794432,0.590541456571283,0.932,0.6968,0.127390866841273,0.548929524353363,0.9321,0.7798,0.0435505124760998,0.205540346781525,0.9326,0.9931,0.0416437520904174,0.20181021457965,0.9325,0.9982,0.0419151858553869,0.202063806446761,0.9323,0.9971,0.104983738716209,0.487104077376326,0.9318,0.8578,0.150860064373762,0.590624057687167,0.932,0.6957,0.127952616096658,0.549038963378975,0.932,0.7778,0.097255948045351,0.392670598407389,0.9343,0.8533,0.0740814348631471,0.327438828539804,0.9341,0.9203
0.8,0,0.173271715871148,0.645870038249873,0.9391,0.99,0.137348635857214,0.353781539263533,0.9197,0.8162,0.107398199857283,0.456982188851861,0.9303,0.8645,0.1525674934148,0.566515339772413,0.9172,0.6931,0.1343206292253,0.52374784492162,0.9215,0.7777,0.0303514874536525,0.174710238036936,0.9391,0.9989,0.0297904744179704,0.173958129433436,0.9392,0.9998,0.0300318430370532,0.174741908612917,0.9391,0.9995,0.10756497132987,0.457148888969319,0.9298,0.8639,0.152464247501955,0.566722381702923,0.9173,0.693,0.134320771356588,0.524012726007269,0.9215,0.7774,0.0927225877785533,0.385568266889039,0.9354,0.8574,0.0666904809554381,0.312695418661622,0.9389,0.9221
0.9,0,0.156909725983963,0.679146000322907,0.9355,0.9897,0.123688684559527,0.33160431597139,0.9125,0.8284,0.0945312821387084,0.506222777935194,0.9264,0.8649,0.138149786598116,0.599675246890759,0.912,0.6919,0.119621977431319,0.566278790283483,0.9187,0.7781,0.0267343205976037,0.156912804685352,0.9355,0.9998,0.0267033552284829,0.156909725983963,0.9355,1,0.0267033552284829,0.156909725983963,0.9355,1,0.0945622475078292,0.506223731808555,0.9264,0.8647,0.138149786598116,0.599675246890759,0.912,0.6919,0.119621977431319,0.566278790283483,0.9187,0.7781,0.083740527123417,0.371599961424907,0.9306,0.8508,0.0630298746265623,0.30766280618708,0.9343,0.9172
1,0,0.140738834619021,0.630786473792509,0.9331,0.9912,0.114324170144729,0.310421162947244,0.9083,0.8345,0.0888568116478273,0.45773716888019,0.9216,0.8549,0.130943603307105,0.563047883265263,0.9071,0.6893,0.11439262723186,0.517944247863477,0.9135,0.7689,0.0232211418803301,0.140738834619021,0.9331,1,0.0232211418803301,0.140738834619021,0.9331,1,0.0232211418803301,0.140738834619021,0.9331,1,0.0888568116478273,0.45773716888019,0.9216,0.8549,0.130943603307105,0.563047883265263,0.9071,0.6893,0.11439262723186,0.517944247863477,0.9135,0.7689,0.0774120450907825,0.371607426315618,0.9317,0.8503,0.0578008549965435,0.314592024277461,0.9315,0.9159
1.1,0,0.13076100306841,0.589899965421998,0.9282,0.9884,0.101823237650396,0.293760115316464,0.8971,0.8375,0.0799217454944037,0.435925888612714,0.9142,0.8678,0.11792930295712,0.522358413669906,0.8952,0.6969,0.102300906770731,0.487625994896498,0.9023,0.7821,0.0162787103899397,0.13076100306841,0.9282,1,0.0162787103899397,0.13076100306841,0.9282,1,0.0162787103899397,0.13076100306841,0.9282,1,0.0799217454944037,0.435925888612714,0.9142,0.8678,0.11792930295712,0.522358413669906,0.8952,0.6969,0.102300906770731,0.487625994896498,0.9023,0.7821,0.0698607723048772,0.374724150685433,0.9212,0.8531,0.0478679304008965,0.28755878374723,0.9277,0.9227
1.2,0,0.118733043264757,0.623166124789996,0.9334,0.9903,0.0905682584283939,0.271031438652908,0.9032,0.8452,0.0652565303974486,0.479970975705381,0.9197,0.8593,0.099048003387167,0.570055720969702,0.9093,0.6864,0.0875403376272347,0.528973556741439,0.9114,0.7699,0.013781473483756,0.118733043264757,0.9334,1,0.013781473483756,0.118733043264757,0.9334,1,0.013781473483756,0.118733043264757,0.9334,1,0.0652565303974486,0.479970975705381,0.9197,0.8593,0.099048003387167,0.570055720969702,0.9093,0.6864,0.0875403376272347,0.528973556741439,0.9114,0.7699,0.0587341438676239,0.406179998026633,0.9259,0.846,0.0413682672585759,0.272328498653306,0.9299,0.9168
1.3,0,0.108254683498442,0.538992994075068,0.9315,0.9909,0.0851672719629207,0.261763029860719,0.8999,0.8455,0.0626817341487562,0.37355592253522,0.9177,0.8591,0.09615696842202,0.477212872896498,0.9024,0.6746,0.0823648322497184,0.437629174977047,0.9086,0.7641,0.0111946031227153,0.108254683498442,0.9315,1,0.0111946031227153,0.108254683498442,0.9315,1,0.0111946031227153,0.108254683498442,0.9315,1,0.0626817341487562,0.37355592253522,0.9177,0.8591,0.09615696842202,0.477212872896498,0.9024,0.6746,0.0823648322497184,0.437629174977047,0.9086,0.7641,0.0550883901371482,0.314170964812975,0.9243,0.8522,0.0400749961890367,0.248369347392239,0.9271,0.9201
0,0.05,0.654350506801612,0.792160647964847,0.975,0.9813,0.350983855757371,0.645135458496113,0.974,0.7513,0.342826736453653,0.722289212895108,0.9728,0.9101,0.330846264444258,0.752056660496137,0.9726,0.7666,0.334815666300407,0.737699696936943,0.9726,0.8412,0.329541517675203,0.782707823314366,0.9769,0.0571,0.339144135564232,0.753162156569948,0.9753,0.1779,0.333910389753068,0.769608972718551,0.9757,0.1137,0.3282025990237,0.787081634546147,0.9769,0.0499,0.328417311917633,0.778337064936111,0.9753,0.1289,0.327569544487041,0.785625572600108,0.9759,0.0898,0.344292209832553,0.698677470092532,0.9732,0.8759,0.348165728813603,0.693150970147644,0.9737,0.9309
0.1,0.05,0.631479114133444,0.780624497100298,0.9768,0.9808,0.353386493931949,0.625586096550667,0.9764,0.7919,0.343482351398446,0.692818102829435,0.974,0.9135,0.328273816114959,0.732244866689242,0.9729,0.7716,0.336181070283,0.712093830503309,0.9738,0.8465,0.32246455109885,0.759587653163836,0.9772,0.1183,0.337750693195669,0.728560047208675,0.9757,0.2676,0.330412526583549,0.742401662112851,0.9764,0.1917,0.314546290643656,0.769402929197105,0.976,0.1039,0.31843902871911,0.771289287456246,0.9738,0.1943,0.317266222387303,0.766338839866013,0.9747,0.1541,0.349245499761564,0.661400755984149,0.9754,0.8755,0.35499769273814,0.648830046856298,0.9762,0.9357
0.2,0.05,0.545108169014484,0.773538194494832,0.9735,0.9854,0.324346755897999,0.565492238387241,0.9727,0.8241,0.310829860500269,0.654784812120176,0.9721,0.9083,0.306201495946945,0.712095834321871,0.9719,0.7557,0.309171875659344,0.686784105683093,0.9718,0.8371,0.325342449535357,0.686717812481906,0.9779,0.2982,0.326514037444809,0.639350223434988,0.9758,0.509,0.32690734523522,0.660882079430069,0.9766,0.4167,0.320332851791909,0.73008737739737,0.977,0.2632,0.313669667882271,0.739962501794813,0.9739,0.3739,0.316646570675107,0.731255717524124,0.9751,0.3392,0.312704980663597,0.605119081846393,0.9726,0.8734,0.311027168376695,0.584267491257952,0.9726,0.9324
0.3,0.05,0.443286077182912,0.758017289229545,0.9628,0.9874,0.285892412214319,0.498269800015544,0.9643,0.8436,0.267383889985204,0.598046765296115,0.9639,0.8938,0.285820748384565,0.701175731414394,0.9652,0.7419,0.279205692527056,0.661500024179429,0.9651,0.8154,0.2945340225562,0.584450490132031,0.9697,0.5385,0.270842932891358,0.495361328206713,0.9659,0.7434,0.279454679655952,0.520410309134089,0.9664,0.664,0.30242267538265,0.660288344468429,0.9697,0.4771,0.298594194654575,0.711389710560185,0.9675,0.5447,0.298123697368325,0.68338578194517,0.9682,0.5353,0.270079319988453,0.550318390777364,0.9641,0.8664,0.260635330626361,0.513513839372335,0.9621,0.927
0.4,0.05,0.356994778633308,0.744333376228678,0.9509,0.9871,0.245716528460062,0.443531641044548,0.9566,0.8513,0.22147137583887,0.572734380536692,0.9565,0.8804,0.242417838429424,0.662569970167529,0.9594,0.7183,0.232353960139349,0.627377527284697,0.9583,0.7994,0.222659315141839,0.438213717724147,0.96,0.7745,0.204419888282923,0.386414125909943,0.9542,0.8964,0.211057780850909,0.404483992617651,0.9559,0.8544,0.244201843954491,0.605682426402873,0.9593,0.6814,0.2498670461056,0.668461926357927,0.9603,0.6435,0.245486270895639,0.641984031645568,0.9601,0.6822,0.22315096219901,0.524511467444737,0.9589,0.8569,0.209686209755384,0.458397040203348,0.9522,0.9205
0.5,0.05,0.299283104114799,0.707613120284626,0.939,0.9841,0.212562202850395,0.416621406305202,0.945,0.8479,0.180666120488995,0.523362584988258,0.9425,0.879,0.208803183243259,0.626240605013201,0.949,0.718,0.193993493162842,0.585220329164171,0.9447,0.801,0.159869553402437,0.35133730782096,0.944,0.9157,0.148551273911166,0.323551382249294,0.9418,0.9726,0.152001290514604,0.336681456283239,0.9423,0.9536,0.193387941908418,0.545015748462843,0.9455,0.8063,0.210592156270725,0.632943259402025,0.9492,0.6995,0.198481285506194,0.594608086878347,0.9459,0.7656,0.183461067251446,0.459801726838666,0.9447,0.8586,0.168463903612343,0.396589114382111,0.9425,0.9192
0.6,0.05,0.250397003036597,0.698907756403672,0.9375,0.9868,0.193887140228531,0.382020593796146,0.9404,0.8539,0.167649097044071,0.519237862310634,0.941,0.8736,0.199288574474385,0.617665290878118,0.9439,0.7118,0.183265415444724,0.572293817947597,0.9418,0.7948,0.127221707364442,0.270029164994103,0.9392,0.9772,0.122207771413134,0.251355484339187,0.9379,0.9945,0.123793499392019,0.255053164727309,0.9387,0.9896,0.171322472980823,0.524372809190559,0.9412,0.855,0.200046781091539,0.617491737203605,0.9436,0.7087,0.184851858465851,0.572323999592341,0.9413,0.7879,0.162621440280985,0.434767871881771,0.9421,0.8625,0.147555305720847,0.384204296250353,0.9398,0.9211
0.7,0.05,0.213751779225512,0.672057297067106,0.9389,0.986,0.174181336510784,0.363597552875215,0.9354,0.8465,0.146130040095231,0.485924516284876,0.9396,0.8701,0.175994065333881,0.590903168305942,0.9411,0.6989,0.165796502464281,0.545912574647844,0.9397,0.7798,0.0970298771080857,0.218054620641093,0.9393,0.9941,0.0956532703066669,0.214650013861419,0.9392,0.9985,0.0957545024905146,0.214889963232958,0.9394,0.9975,0.147528948860054,0.487128635811496,0.9395,0.8652,0.176272167422084,0.590853023192634,0.9412,0.6979,0.166137017784861,0.545905760818528,0.9395,0.7779,0.137509705740355,0.414133195659217,0.9421,0.8547,0.12151290174104,0.338048270386542,0.9394,0.9179
0.8,0.05,0.191878464896374,0.663456949001997,0.9311,0.9884,0.161006585214182,0.343688209838194,0.9271,0.8509,0.138301242832817,0.478628120390632,0.9329,0.8683,0.172608452807477,0.584544101344623,0.9304,0.6998,0.155435452160713,0.542394558046813,0.9317,0.7827,0.0847456778740558,0.19179273386305,0.9314,0.999,0.0844768410070039,0.191679260091598,0.9311,0.9999,0.0846281628546706,0.191348161226144,0.9312,0.9997,0.13857198219396,0.478531000808104,0.933,0.8674,0.172668138435519,0.584478741120848,0.9303,0.6997,0.155646459636422,0.542207180988095,0.9317,0.7824,0.130374416682336,0.39525668259798,0.9362,0.8539,0.113263086757585,0.324351275056987,0.9355,0.9232
0.9,0.05,0.169619401425798,0.629732772011559,0.9367,0.989,0.152164938043033,0.327611949502991,0.9227,0.8541,0.127607377617121,0.458940909552412,0.9334,0.8642,0.159685339489391,0.556378139744716,0.9269,0.6956,0.146758006301276,0.523567164257667,0.9298,0.7793,0.0749898946802815,0.169967023959023,0.9367,0.9998,0.0748222791371419,0.169619401425798,0.9367,1,0.0748222791371419,0.169619401425798,0.9367,1,0.127607377617121,0.458940909552412,0.9334,0.8642,0.159685339489391,0.556378139744716,0.9269,0.6956,0.146758006301276,0.523567164257667,0.9298,0.7793,0.124677852373921,0.381285913934701,0.9357,0.8526,0.104577714223396,0.313934660186645,0.9364,0.9175
1,0.05,0.151665845627757,0.605750038633414,0.937,0.9908,0.137018893296516,0.30155535548628,0.9201,0.8577,0.117554190155641,0.438868492270995,0.93,0.8644,0.143808979459189,0.539389517798294,0.9265,0.6897,0.135466845006716,0.509359062864532,0.9254,0.7727,0.0664032677558428,0.151665845627757,0.937,1,0.0664032677558428,0.151665845627757,0.937,1,0.0664032677558428,0.151665845627757,0.937,1,0.117554190155641,0.438868492270995,0.93,0.8644,0.143808979459189,0.539389517798294,0.9265,0.6897,0.135466845006716,0.509359062864532,0.9254,0.7727,0.110713121443229,0.368494003676846,0.9335,0.8565,0.0926692497070678,0.302854459440653,0.9384,0.9216
1.1,0.05,0.139796918145098,0.623617633819552,0.929,0.9899,0.121977166620709,0.28478006209936,0.9124,0.8609,0.0972534827488751,0.482060041926166,0.9258,0.8658,0.129200679319808,0.567554829017609,0.9213,0.6892,0.114361546068443,0.537407635395224,0.9224,0.7779,0.0561858536155687,0.139796918145098,0.929,1,0.0561858536155687,0.139796918145098,0.929,1,0.0561858536155687,0.139796918145098,0.929,1,0.0972534827488751,0.482060041926166,0.9258,0.8658,0.129200679319808,0.567554829017609,0.9213,0.6892,0.114361546068443,0.537407635395224,0.9224,0.7779,0.0951734798378119,0.335527128878922,0.929,0.8566,0.0807972837468049,0.275194193842741,0.9295,0.9232
1.2,0.05,0.12813182846839,0.563256580221233,0.927,0.9906,0.108966478204918,0.267501931879042,0.9137,0.872,0.0923530484822497,0.39641498061688,0.9254,0.8663,0.119713726671171,0.488735422618181,0.9192,0.6893,0.107080152301731,0.457160383136278,0.9213,0.7771,0.0509628626442995,0.12813182846839,0.927,1,0.0509628626442995,0.12813182846839,0.927,1,0.0509628626442995,0.12813182846839,0.927,1,0.0923530484822497,0.39641498061688,0.9254,0.8663,0.119713726671171,0.488735422618181,0.9192,0.6893,0.107080152301731,0.457160383136278,0.9213,0.7771,0.087244872411506,0.323634134644279,0.9283,0.8554,0.0743719825299107,0.262072704134148,0.9292,0.9233
1.3,0.05,0.116897998979463,0.536660254794561,0.933,0.9925,0.101905076138056,0.249147952893305,0.9138,0.8772,0.0850593838655275,0.401163363918347,0.924,0.8662,0.11166306830553,0.481604120361347,0.9194,0.6895,0.102711038318427,0.455719434839546,0.9201,0.7778,0.0470895202075353,0.116897998979463,0.933,1,0.0470895202075353,0.116897998979463,0.933,1,0.0470895202075353,0.116897998979463,0.933,1,0.0850593838655275,0.401163363918347,0.924,0.8662,0.11166306830553,0.481604120361347,0.9194,0.6895,0.102711038318427,0.455719434839546,0.9201,0.7778,0.0810639182701046,0.328009674613409,0.9273,0.8553,0.0682310101785343,0.276996803488664,0.9294,0.922
0,0.1,0.654608491285747,0.749307249882636,0.973,0.9811,0.338213211542025,0.638097335974177,0.9736,0.7137,0.322602553259846,0.706048454420472,0.9696,0.8753,0.308343451115916,0.730188906006414,0.97,0.7138,0.313849436140437,0.7218522623703,0.9696,0.7958,0.30681758122492,0.727882172629404,0.9762,0.061,0.316794279465139,0.708648145177617,0.974,0.1835,0.310760530029907,0.720690800149913,0.9745,0.1184,0.30113153920047,0.740858628634078,0.9755,0.051,0.301094914650625,0.743584937144962,0.973,0.1262,0.299892001133098,0.743807003618531,0.9734,0.0894,0.331212386370054,0.684177592168291,0.9719,0.8439,0.333701289441919,0.67484161458036,0.9717,0.9107
0.1,0.1,0.660585766218046,0.792847821692333,0.9779,0.9809,0.369456712320269,0.644613216713557,0.9772,0.7697,0.356197644144411,0.736203092745256,0.9737,0.8892,0.328556084083092,0.769091439116532,0.9712,0.7376,0.339710760641073,0.759962672898908,0.9721,0.8154,0.323947359283523,0.777553599193531,0.9773,0.1131,0.34977251182439,0.756251239035406,0.9761,0.2648,0.335893375875699,0.765960031963107,0.9765,0.1879,0.313627477490514,0.789341498757017,0.9761,0.0954,0.314300673046155,0.7894315017265,0.9725,0.1811,0.314700710136041,0.788758351685694,0.9735,0.1436,0.364901379797013,0.685964536133764,0.975,0.8547,0.376997073985797,0.677227751190551,0.9768,0.922
0.2,0.1,0.574639200118121,0.769323603904913,0.9714,0.9825,0.355189850732623,0.571198039714132,0.9689,0.8319,0.345154759957729,0.645874872028112,0.9663,0.8979,0.321037332163346,0.716841383670253,0.9644,0.7449,0.331181300423843,0.687339321413832,0.964,0.8241,0.33940804153083,0.705260835653907,0.9709,0.2896,0.356735302644356,0.663557134851511,0.971,0.5035,0.350975281344698,0.684106267341383,0.9708,0.4076,0.32264339108164,0.730130916382162,0.9683,0.2516,0.316833199322112,0.744865376901357,0.9674,0.3571,0.321077222498235,0.738674291908911,0.9666,0.3203,0.354372492443469,0.619069873704994,0.9693,0.8665,0.363016408796097,0.600516817979549,0.9695,0.9269
0.3,0.1,0.480204463513273,0.835312425001153,0.9638,0.9859,0.325898072344388,0.508926671177336,0.9643,0.8671,0.311040936858304,0.602073382427293,0.9614,0.8949,0.303925102937146,0.792883578668641,0.9625,0.7352,0.303252299760409,0.641177658738345,0.961,0.8183,0.326930409237074,0.68201408306166,0.9682,0.5441,0.332149392736868,0.630936649388196,0.9656,0.7461,0.33007054356025,0.655227666038933,0.9667,0.6651,0.313411337676651,0.735593948654111,0.9648,0.4779,0.306034903388461,0.80060991700227,0.9635,0.5334,0.308219201645664,0.748614370265805,0.9637,0.5308,0.318840515945163,0.559242958129041,0.9631,0.8645,0.32171728178014,0.5316040261766,0.9633,0.9275
0.4,0.1,0.393539560491617,0.735387805927809,0.9554,0.9861,0.282492204583209,0.449431205062069,0.9554,0.8838,0.261399606493073,0.580275834994311,0.9541,0.8862,0.264706133651963,0.665702822258631,0.957,0.7254,0.262461913990981,0.635752370382229,0.9553,0.8081,0.279754511073588,0.489693119308694,0.9593,0.7719,0.26953367344352,0.419442668735854,0.9576,0.8971,0.275505258858291,0.439768207954174,0.9582,0.8542,0.276867182553794,0.620121873372838,0.9584,0.6805,0.269019506273929,0.670125406998409,0.9587,0.6451,0.271016014264402,0.648076904103417,0.9584,0.685,0.267416148593426,0.513155394639927,0.9569,0.864,0.262478833956659,0.473505239361237,0.9548,0.9265
0.5,0.1,0.330784927221065,0.72779202456899,0.9478,0.9869,0.253930877414385,0.415832091767781,0.9507,0.8795,0.233084904832749,0.566170377064476,0.9494,0.8768,0.23939693430838,0.654033791539055,0.9545,0.7152,0.234741792229677,0.620226364803816,0.951,0.7962,0.227198915835653,0.365202769027324,0.9507,0.9164,0.222035853766763,0.343276616293279,0.9488,0.9734,0.223736025899569,0.349970874759262,0.9496,0.9549,0.239925729794988,0.577599323676118,0.9518,0.8019,0.241340721834459,0.655858056108801,0.9549,0.6944,0.238454421491968,0.624424144806781,0.9523,0.758,0.233715603137862,0.502664301288183,0.9513,0.8587,0.228724024036252,0.446626696803361,0.9485,0.9226
0.6,0.1,0.278493702681808,0.694894361427556,0.9453,0.9857,0.225970755757694,0.383415362620563,0.9441,0.8795,0.200253846527059,0.534505038563597,0.9451,0.8757,0.210852267101465,0.621920692009207,0.9505,0.7099,0.20630062147169,0.581834360898885,0.9479,0.7957,0.186099255228566,0.300594394302286,0.9468,0.9753,0.181814569102377,0.280239642367753,0.9459,0.9938,0.183978546030486,0.291095644104674,0.9465,0.988,0.204037293492978,0.538795124486228,0.9465,0.8542,0.211446703759483,0.621934899259287,0.9506,0.7053,0.208119647167124,0.582967328643388,0.9475,0.7859,0.202005068434816,0.463628559499944,0.9488,0.8577,0.193766459770706,0.387893186505454,0.9472,0.9218
0.7,0.1,0.244038367395133,0.677625225453808,0.9397,0.9876,0.206637319709003,0.362808556277691,0.937,0.8745,0.185851260904943,0.504050437739313,0.9419,0.8717,0.203622785459993,0.604753429184065,0.9445,0.7041,0.197112083409751,0.564523942886148,0.942,0.7882,0.156556601911445,0.245337423316943,0.9402,0.995,0.155717562452033,0.243948074800942,0.9395,0.9994,0.156121128873932,0.244936185316157,0.9398,0.9982,0.186502639045886,0.504355039239788,0.9423,0.8674,0.20382133666372,0.60471699714634,0.9445,0.7035,0.197444719427955,0.564656433236549,0.9421,0.7867,0.184698745801964,0.443907262188565,0.9423,0.8532,0.176139967735661,0.374913505920532,0.9411,0.9208
0.8,0.1,0.217311668996955,0.680309596732238,0.9363,0.988,0.188639146109115,0.342858688879761,0.9331,0.8745,0.173041197687325,0.509731139797244,0.936,0.8695,0.19255114060236,0.61416004721422,0.9406,0.6996,0.185405969290713,0.5752086837763,0.939,0.7792,0.139034126312067,0.217923275568835,0.9367,0.9986,0.138626994840154,0.217414883799136,0.9364,0.9999,0.138866739608817,0.21782377635884,0.9365,0.9997,0.173141058055039,0.509754635134087,0.9361,0.8685,0.19255114060236,0.61416004721422,0.9406,0.6996,0.185409903251613,0.575209220730762,0.939,0.7791,0.167868607022687,0.421426944248205,0.9389,0.8572,0.157810813501746,0.353394305242902,0.9374,0.9198
0.9,0.1,0.193588887224542,0.735721399271687,0.9318,0.9883,0.169095942016151,0.318616505130518,0.9264,0.8802,0.141574014392141,0.59395610580906,0.9297,0.8694,0.160617069267987,0.674646027915707,0.9373,0.6936,0.152052131540721,0.643105525843607,0.9338,0.7844,0.121821055253103,0.193584168463086,0.9318,0.9999,0.121821055253103,0.193584168463086,0.9318,0.9999,0.121821055253103,0.193584168463086,0.9318,0.9999,0.141583593445672,0.59395456780187,0.9298,0.8693,0.160626648321517,0.674644673832676,0.9373,0.6935,0.152061710594251,0.64310410536347,0.9338,0.7843,0.145572579504584,0.375912230592588,0.9316,0.8588,0.13433386646123,0.308434835294875,0.9316,0.9211
1,0.1,0.173982358443911,0.581530391435401,0.9299,0.9898,0.154257296277797,0.296771245033901,0.9245,0.8839,0.141965974984308,0.425166134875962,0.9296,0.8717,0.161242873291777,0.516286039473892,0.9356,0.6978,0.154614976715187,0.48120935280718,0.9319,0.7826,0.107824735254627,0.174249158130765,0.9299,0.9999,0.107678768102102,0.173982358443911,0.9299,1,0.107678768102102,0.173982358443911,0.9299,1,0.142111942136833,0.42527538055227,0.9296,0.8716,0.161242873291777,0.516286039473892,0.9356,0.6978,0.154614976715187,0.48120935280718,0.9319,0.7826,0.138281861676791,0.356506033826008,0.9306,0.857,0.126618505279104,0.299611402861334,0.9307,0.9231
1.1,0.1,0.157476055811691,0.601048841476445,0.9358,0.9893,0.14305563294576,0.273028004486433,0.9265,0.8857,0.124434325453,0.423745715930302,0.9343,0.8708,0.138845032957398,0.540475860559095,0.9389,0.6953,0.131909602793579,0.51078555792775,0.9369,0.7826,0.0987691235110853,0.157476055811691,0.9358,1,0.0987691235110853,0.157476055811691,0.9358,1,0.0987691235110853,0.157476055811691,0.9358,1,0.124434325453,0.423745715930302,0.9343,0.8708,0.138845032957398,0.540475860559095,0.9389,0.6953,0.131909602793579,0.51078555792775,0.9369,0.7826,0.122191912534885,0.361832241710132,0.9377,0.8643,0.115613250298852,0.307165574858345,0.9361,0.9268
1.2,0.1,0.146740650529394,0.581413976513755,0.9324,0.9907,0.134272662263569,0.26727363194446,0.9217,0.8872,0.124383775996136,0.439010064239775,0.9296,0.8626,0.142942432111131,0.523609791503144,0.9318,0.6871,0.135155418482696,0.494960469401991,0.93,0.7747,0.0904947521324361,0.146740650529394,0.9324,1,0.0904947521324361,0.146740650529394,0.9324,1,0.0904947521324361,0.146740650529394,0.9324,1,0.124383775996136,0.439010064239775,0.9296,0.8626,0.142942432111131,0.523609791503144,0.9318,0.6871,0.135155418482696,0.494960469401991,0.93,0.7747,0.124136322980712,0.376514949835719,0.9329,0.8469,0.111964174442177,0.319478060983143,0.9333,0.9161
1.3,0.1,0.134833198240873,0.552086657314182,0.9303,0.9914,0.118382642782809,0.244604322356767,0.9243,0.8952,0.110929207645387,0.405729025034181,0.9314,0.8685,0.129768754838377,0.484029160772488,0.9321,0.691,0.122842052441871,0.451255344108838,0.9305,0.7824,0.0822960735933624,0.134833198240873,0.9303,1,0.0822960735933624,0.134833198240873,0.9303,1,0.0822960735933624,0.134833198240873,0.9303,1,0.110929207645387,0.405729025034181,0.9314,0.8685,0.129768754838377,0.484029160772488,0.9321,0.691,0.122842052441871,0.451255344108838,0.9305,0.7824,0.110734773253992,0.347769317450423,0.9323,0.8543,0.0982618894960081,0.292684786828072,0.9328,0.9232
0,0.15,0.712221356158819,0.766612804400799,0.9701,0.9835,0.355424437869316,0.676015418576304,0.9736,0.6228,0.343663334140957,0.745717307201346,0.9685,0.8135,0.335973909367232,0.771746033220342,0.9697,0.6294,0.33648580055074,0.755298351392241,0.9682,0.7166,0.335478698864522,0.761529670798289,0.9785,0.0555,0.343916674568744,0.736643226931765,0.9743,0.176,0.341402047786436,0.753228669845261,0.9757,0.1145,0.33023487942201,0.762890572780183,0.9786,0.044,0.330564984301139,0.766136149621285,0.9747,0.1111,0.330448562452262,0.763546885569237,0.9759,0.0818,0.348359936155924,0.733280148184588,0.9692,0.7979,0.355009904916527,0.729670810408367,0.9691,0.8758
0.1,0.15,0.700339515822215,0.77474684632507,0.9735,0.9813,0.38332837615588,0.662439495279423,0.9724,0.7116,0.379665600757577,0.729015505975242,0.9675,0.8525,0.343327682581447,0.760936907598516,0.9637,0.6716,0.355783640927248,0.745103120590441,0.9641,0.7581,0.32948119535029,0.766999768378631,0.9695,0.1171,0.36723151636065,0.747381902949623,0.9708,0.2748,0.348520334527074,0.750527621085335,0.9696,0.1981,0.314279164446039,0.773146659459269,0.9693,0.0941,0.319188542006262,0.772182395809807,0.9658,0.1724,0.317801601519746,0.769497960019617,0.9673,0.1412,0.392025228631114,0.715537216544427,0.9709,0.8261,0.405591959518555,0.710813392870263,0.9706,0.9005
0.2,0.15,0.666044161784819,0.836117261855253,0.9705,0.9825,0.394753967635673,0.6461010612162,0.9691,0.7982,0.388742697088267,0.751616037297253,0.9659,0.8772,0.350868437686348,0.796148575841833,0.9612,0.7126,0.365930610464538,0.775086153073404,0.9633,0.7931,0.366730076989437,0.773738606626991,0.9674,0.302,0.402739641472495,0.745967329215175,0.9691,0.5096,0.386945909299943,0.756388826726667,0.9687,0.4166,0.340140923481923,0.808324695715919,0.9636,0.2554,0.333075619390242,0.823416388428758,0.9602,0.3437,0.337054956235161,0.811297563536927,0.961,0.3155,0.398818426081839,0.721213967852284,0.9696,0.8498,0.418376675273878,0.708735718175002,0.9696,0.9153
0.3,0.15,0.533837534477573,0.740756845331631,0.9646,0.983,0.371689399868488,0.538075217469273,0.9609,0.8598,0.350609414537603,0.650413772831831,0.956,0.8831,0.322144091732934,0.703861450946201,0.9522,0.7185,0.336323497055539,0.682523329434968,0.953,0.8068,0.363517992952692,0.619983827072326,0.9633,0.5446,0.384534587100285,0.57783820330285,0.9645,0.738,0.378036478066112,0.599276965574895,0.9645,0.6655,0.330749540973995,0.685926433672537,0.9567,0.4714,0.317258887895626,0.713132274212109,0.9526,0.5155,0.328439345190363,0.700336704402914,0.9549,0.5244,0.366632737071012,0.591735313240574,0.9601,0.8538,0.379248220047676,0.571049209752966,0.962,0.9191
0.4,0.15,0.449772708791722,0.715920992689958,0.9549,0.9869,0.332694096827749,0.481106659710945,0.9539,0.8864,0.318545169439478,0.591568105186798,0.9507,0.8924,0.297753369636308,0.658470735529255,0.951,0.7262,0.306326458940563,0.632458118515916,0.95,0.8092,0.337450701346614,0.520703256881302,0.9571,0.7768,0.338751439300744,0.479072868351956,0.9553,0.9071,0.33728143140248,0.498398276867117,0.9561,0.8569,0.318510665863772,0.623471852811801,0.9536,0.6873,0.298163839496418,0.664368409805265,0.9513,0.6496,0.306662445026575,0.645524832836027,0.951,0.6863,0.327420136690853,0.545212602796322,0.9565,0.8584,0.333720862282045,0.504520640412942,0.9552,0.9242
0.5,0.15,0.378375258450129,0.744188016055578,0.9509,0.9859,0.294918748322808,0.433088371810221,0.9473,0.8921,0.275582724935227,0.586255893838056,0.9454,0.8787,0.265450033885677,0.678218844973918,0.9509,0.7111,0.270419077433306,0.648869197017916,0.9478,0.7967,0.291831153517144,0.45523811649421,0.9519,0.9164,0.291165845257506,0.394071493518034,0.9511,0.9713,0.290886714516597,0.445535468051035,0.9514,0.9535,0.276465484416628,0.618221964793683,0.9465,0.8042,0.266846293757873,0.681416319967774,0.9513,0.6882,0.273298077682748,0.653988622744254,0.9482,0.7586,0.282867236157211,0.530197993284284,0.9478,0.8497,0.285451680911214,0.496406702710836,0.9481,0.915
0.6,0.15,0.329515683749508,0.709161637825696,0.9421,0.9871,0.267514116538347,0.399361507089618,0.9381,0.8942,0.249890146713215,0.572624237084844,0.9419,0.8704,0.242268482393772,0.649304180879873,0.9456,0.7045,0.24544542539726,0.61474871905521,0.9436,0.7863,0.255102423036001,0.34431022801553,0.9428,0.9766,0.2519198950377,0.33103029456963,0.9422,0.9937,0.253074167675626,0.335749128115326,0.9423,0.9899,0.252183983748172,0.575860663991766,0.9428,0.8495,0.242513607151251,0.649627891511633,0.9457,0.6997,0.246379258605284,0.616205589939549,0.9441,0.7777,0.252624658519069,0.495751465513924,0.9433,0.8516,0.250920290713549,0.439000067615296,0.9424,0.92
0.7,0.15,0.287282629443474,0.76115891245651,0.9406,0.9899,0.242126601641836,0.37092291287278,0.9419,0.8968,0.237726181504525,0.635650620780391,0.9436,0.8766,0.238475470276585,0.706513868489514,0.949,0.7069,0.239018687831528,0.679488657035412,0.9465,0.7898,0.22066373539231,0.290494959258201,0.9407,0.9932,0.220593141806357,0.287238445727211,0.9406,0.9988,0.220771104721366,0.288985144578183,0.9406,0.9967,0.237840909806342,0.637010241971493,0.9435,0.8703,0.238590521667807,0.706528613489303,0.9492,0.7061,0.238914934055285,0.679665634893584,0.9465,0.7873,0.236789872594607,0.588017225635868,0.9444,0.8597,0.231081090853766,0.543376910792562,0.9425,0.925
0.8,0.15,0.251444036281177,0.706340991441092,0.9375,0.9906,0.218412120650828,0.348514973747522,0.9368,0.8988,0.205272088105303,0.542204966471405,0.9407,0.8724,0.21498004599779,0.637203347485584,0.9467,0.6968,0.211911875585913,0.603421346405014,0.9428,0.785,0.190953175841955,0.251658563198792,0.9376,0.999,0.190896870281458,0.251543758819435,0.9375,0.9996,0.190931382365965,0.25161594071999,0.9376,0.9994,0.20534717398065,0.542248630105194,0.9406,0.8715,0.21499882631264,0.637195172240741,0.9467,0.6965,0.211911269577426,0.603431155037899,0.9428,0.7846,0.204625453248496,0.443278408135081,0.9433,0.8604,0.200503156441618,0.385751209220998,0.9397,0.9232
0.9,0.15,0.225995565685152,0.626313823138868,0.9384,0.99,0.195984438529246,0.321732316407495,0.9358,0.8939,0.181331563838343,0.465980470024849,0.9387,0.8716,0.187341474740904,0.55834990059751,0.9448,0.6968,0.185372841100411,0.523697838270185,0.9413,0.7842,0.171166255690282,0.226196919187054,0.9384,0.9999,0.171166255690282,0.226196919187054,0.9384,0.9999,0.171166255690282,0.226196919187054,0.9384,0.9999,0.181331563838343,0.465980470024849,0.9387,0.8716,0.187341474740904,0.55834990059751,0.9448,0.6968,0.185372841100411,0.523697838270185,0.9413,0.7842,0.183857560882452,0.379013440489148,0.939,0.8598,0.178885678157022,0.324338246177787,0.9391,0.9214
1,0.15,0.205284591637274,0.643834211873051,0.9384,0.99,0.18399286373674,0.302609466727005,0.9346,0.8985,0.183563023625391,0.495725076827759,0.9386,0.8643,0.189976629667025,0.577325829551477,0.9448,0.6939,0.188391703390444,0.549821602720234,0.9413,0.7784,0.156443861497553,0.205284591637274,0.9384,1,0.156443861497553,0.205284591637274,0.9384,1,0.156443861497553,0.205284591637274,0.9384,1,0.183563023625391,0.495725076827759,0.9386,0.8643,0.189976629667025,0.577325829551477,0.9448,0.6939,0.188391703390444,0.549821602720234,0.9413,0.7784,0.172791779366325,0.381892101367543,0.9403,0.8611,0.167770095014048,0.329428324071032,0.9393,0.924
1.1,0.15,0.186999272118966,0.603307225826358,0.9343,0.9906,0.164632973417692,0.284066975563632,0.9311,0.8992,0.14761189749423,0.448344529786284,0.9368,0.8643,0.146370976823528,0.547316428961542,0.946,0.6816,0.149499399456826,0.514828275915811,0.9404,0.7724,0.141430581081438,0.186999272118966,0.9343,1,0.141430581081438,0.186999272118966,0.9343,1,0.141430581081438,0.186999272118966,0.9343,1,0.14761189749423,0.448344529786284,0.9368,0.8643,0.146370976823528,0.547316428961542,0.946,0.6816,0.149499399456826,0.514828275915811,0.9404,0.7724,0.149113952242558,0.37770428267927,0.9378,0.8538,0.145073903338283,0.312683939258474,0.9354,0.9209
1.2,0.15,0.170549777854946,0.561718661138409,0.9273,0.9913,0.146747481682945,0.261753132918892,0.925,0.9016,0.139628921804104,0.427230909940862,0.9299,0.8633,0.149945325288355,0.504634605279802,0.9388,0.6849,0.145546332895376,0.473336792376458,0.9336,0.7768,0.126037168040205,0.170549777854946,0.9273,1,0.126037168040205,0.170549777854946,0.9273,1,0.126037168040205,0.170549777854946,0.9273,1,0.139628921804104,0.427230909940862,0.9299,0.8633,0.149945325288355,0.504634605279802,0.9388,0.6849,0.145546332895376,0.473336792376458,0.9336,0.7768,0.137822755272332,0.334796729026212,0.9334,0.8477,0.132916622947833,0.284422454200188,0.9295,0.9143
1.3,0.15,0.156437991938864,0.555495779486495,0.9337,0.9916,0.138743185936598,0.249467403692209,0.9266,0.9035,0.135108621114716,0.418113767869279,0.9325,0.8663,0.144031351923043,0.500230222329458,0.94,0.6859,0.139716060357297,0.470819021182019,0.9363,0.7743,0.116218996542137,0.156437991938864,0.9337,1,0.116218996542137,0.156437991938864,0.9337,1,0.116218996542137,0.156437991938864,0.9337,1,0.135108621114716,0.418113767869279,0.9325,0.8663,0.144031351923043,0.500230222329458,0.94,0.6859,0.139716060357297,0.470819021182019,0.9363,0.7743,0.130647762267293,0.336192410346725,0.9356,0.8556,0.122795977014787,0.290727092486638,0.935,0.9204
0,0.2,0.743657325578432,0.74546217072439,0.9612,0.9826,0.338692355038769,0.686965976255957,0.9689,0.5356,0.319700876689116,0.778622257536229,0.9577,0.7283,0.307049969818255,0.793870759822962,0.9626,0.5335,0.310979357886479,0.784397114846132,0.959,0.6214,0.319709980197091,0.736386548879556,0.9738,0.0584,0.328734247377021,0.72913523123647,0.9643,0.1714,0.325453792377144,0.73349093012648,0.9676,0.1112,0.315005455546535,0.742168062968915,0.9746,0.046,0.311820003776729,0.745652132814057,0.9693,0.1019,0.314665923579284,0.74468956367941,0.9701,0.0767,0.323422979973527,0.769085931092387,0.958,0.7362,0.331621179246406,0.760795490491257,0.9578,0.8294
0.1,0.2,0.761426695089822,0.769634715994163,0.9672,0.9861,0.420077436817804,0.701671938677616,0.9692,0.6344,0.418863031391661,0.795439339847067,0.9638,0.7901,0.376476244457514,0.806603675152217,0.9635,0.5953,0.396294711991533,0.804517044370645,0.9631,0.6873,0.361992491968565,0.77135840726651,0.969,0.1177,0.412035791652078,0.769418221012567,0.9661,0.2767,0.387733013780643,0.769746012494099,0.9656,0.1955,0.343295387069638,0.77542790631327,0.9688,0.0901,0.34808655368788,0.782495694124825,0.9645,0.1581,0.349941155357033,0.778216504369794,0.9654,0.1298,0.433195297365034,0.776769583050673,0.9661,0.7766,0.455314794247048,0.772150562182879,0.9658,0.8641
0.2,0.2,0.689086589275441,0.732762998449563,0.969,0.984,0.426670203999189,0.647231817567279,0.9658,0.739,0.42660277123834,0.723384515513292,0.9624,0.8356,0.374625844758589,0.745771669326851,0.9602,0.6492,0.396986515478542,0.737997788913712,0.9608,0.738,0.383607777260114,0.719624477701681,0.9634,0.2921,0.442898459752235,0.712531410526609,0.9668,0.5033,0.417420728890445,0.71333803997465,0.9658,0.4071,0.349018681644002,0.731345253742236,0.9568,0.242,0.34877426356978,0.740609872348995,0.9561,0.3157,0.351532982835279,0.735460918346172,0.9554,0.2929,0.441714695456,0.705818106608758,0.9641,0.8133,0.465679468441481,0.704207583172085,0.9654,0.8902
0.3,0.2,0.610609140439379,0.766399256838231,0.9644,0.9867,0.415815332405543,0.590455492349369,0.9602,0.8181,0.41087560890097,0.704232437754995,0.9589,0.8596,0.361573437121739,0.748948590023659,0.9565,0.6841,0.382199896851435,0.727234080479375,0.9572,0.7683,0.417463021078437,0.677378647271098,0.965,0.5505,0.454676440341999,0.649235066830625,0.966,0.7484,0.439147159058367,0.66110868224574,0.9664,0.6657,0.369771515165588,0.737502609351866,0.9597,0.4614,0.351524349565405,0.757679195853283,0.9557,0.4986,0.361727766804102,0.747630213087872,0.9569,0.4981,0.428722107203765,0.655509788041597,0.9622,0.8415,0.448369086109762,0.632755703900192,0.9636,0.9119
0.4,0.2,0.51780641579319,0.764070653486146,0.9547,0.9857,0.375238099744846,0.521303632465249,0.9473,0.8728,0.374670835993951,0.687453109065805,0.9473,0.8705,0.338669985140726,0.742097797639343,0.9437,0.7046,0.350559929053748,0.719113510538613,0.944,0.7869,0.397705841046413,0.562820371485178,0.9537,0.7734,0.412758727865915,0.533698428415193,0.9545,0.902,0.406977951108111,0.544506816519022,0.9542,0.8569,0.360513357240689,0.701323627541624,0.9478,0.6676,0.334422092791608,0.74329602516338,0.944,0.6282,0.343380755701273,0.725399751825287,0.9436,0.6667,0.389817029042718,0.64036282037518,0.9522,0.8472,0.398625376480619,0.567309944096338,0.9521,0.9153
0.5,0.2,0.445062684083124,0.734884706877696,0.9505,0.9864,0.33951698073495,0.471620040952289,0.9472,0.8855,0.329827062255612,0.623594889276096,0.9456,0.861,0.305748747478813,0.689085503455078,0.9469,0.6908,0.316052136733509,0.662854342968919,0.947,0.7747,0.366434299136786,0.466610758626656,0.9515,0.9124,0.369471436694081,0.451541249492298,0.9506,0.9707,0.36895903740603,0.455406940938173,0.9504,0.9521,0.327951159746057,0.634265408682627,0.9458,0.7812,0.305637423085477,0.691554032966644,0.9466,0.6681,0.315645815197614,0.666816341367093,0.9468,0.735,0.339715219156617,0.551766533653215,0.9501,0.8425,0.349148573248785,0.509747652598461,0.95,0.9121
0.6,0.2,0.376660992504637,0.720671813820059,0.9431,0.9879,0.297782780205288,0.414384787760432,0.9395,0.9046,0.286068417524237,0.585834138825829,0.9405,0.873,0.267790394995655,0.674189815091488,0.9453,0.7017,0.274159236118274,0.644238314985547,0.9422,0.7864,0.311695727854129,0.384057639488135,0.9434,0.9758,0.311987776559593,0.378038014902979,0.9431,0.9925,0.311219740394915,0.378334193198087,0.9429,0.9887,0.285353692564157,0.588256721483344,0.9407,0.851,0.267833375530274,0.674596624283662,0.9452,0.6958,0.273822757903661,0.644712493922107,0.9421,0.777,0.293964142538572,0.504120693708771,0.9443,0.8516,0.298988138313089,0.4636455136236,0.9431,0.9165
0.7,0.2,0.336552029047781,0.655051242159092,0.9381,0.9871,0.277962456118787,0.39255833355301,0.9355,0.8972,0.258680175228938,0.524238921716712,0.9349,0.8703,0.243707827889251,0.595803938416319,0.9393,0.6955,0.250620134608468,0.569249227860418,0.9368,0.7816,0.280380828632345,0.341859798429795,0.9382,0.9936,0.280434527666895,0.336429225042855,0.938,0.9988,0.280790659332546,0.340671322490984,0.9381,0.9974,0.258295717292018,0.524986158146311,0.9351,0.8647,0.24371572789816,0.595767516856266,0.9393,0.6945,0.25061099584788,0.569266698482861,0.9367,0.7795,0.266455018322546,0.461553693249139,0.9365,0.8568,0.273594310887579,0.413362499440595,0.9358,0.9213
0.8,0.2,0.295392011470255,0.65607758917874,0.9419,0.9876,0.246155396266088,0.359653524090939,0.9399,0.9047,0.234437337430533,0.525303149265868,0.9402,0.8661,0.224509548799923,0.602133237448856,0.9438,0.6975,0.229995008335738,0.578247547705778,0.942,0.7809,0.246766281189334,0.295651064007369,0.9421,0.9987,0.246848329599191,0.295416643754711,0.9419,0.9998,0.246858192357646,0.295433670496944,0.9419,0.9997,0.234348295851329,0.525448626045793,0.9402,0.8649,0.224531389162707,0.602145321915721,0.9439,0.6973,0.230026711456976,0.578268830006712,0.942,0.7806,0.24035228383403,0.465030396596426,0.9432,0.8542,0.244836769286281,0.413548132977728,0.9434,0.9216
0.9,0.2,0.263401780919414,0.626031689822513,0.9361,0.9875,0.218507694928891,0.333460790047189,0.9334,0.9026,0.204404218060981,0.485430842432407,0.9338,0.865,0.20082810429443,0.572042432316802,0.9404,0.6887,0.20057786273481,0.542608102999342,0.9355,0.7778,0.218453324296863,0.263403694092994,0.936,0.9999,0.218479542494839,0.263401780919414,0.9361,1,0.218479542494839,0.263401780919414,0.9361,1,0.204377999863005,0.485431880474635,0.9338,0.8649,0.20082810429443,0.572042432316802,0.9404,0.6887,0.20057786273481,0.542608102999342,0.9355,0.7778,0.208457328468104,0.411975500366208,0.9368,0.8534,0.211077407820814,0.35741140979377,0.9344,0.919
1,0.2,0.238703546472988,0.629284599787881,0.9296,0.9884,0.20420725330277,0.321143740553584,0.9274,0.9081,0.190818413532452,0.493826740781447,0.9302,0.8668,0.190533119572345,0.565198136526542,0.9398,0.693,0.189460332510208,0.534784372022186,0.9346,0.7816,0.195855529507743,0.238703546472988,0.9296,1,0.195855529507743,0.238703546472988,0.9296,1,0.195855529507743,0.238703546472988,0.9296,1,0.190818413532452,0.493826740781447,0.9302,0.8668,0.190533119572345,0.565198136526542,0.9398,0.693,0.189460332510208,0.534784372022186,0.9346,0.7816,0.191278504063947,0.391756934121559,0.9324,0.8484,0.193874764292647,0.343233351469236,0.9301,0.9179
1.1,0.2,0.218612668643617,0.591736843621453,0.9323,0.9896,0.187279836322248,0.297059197310035,0.9304,0.9035,0.184012290611812,0.466250288080748,0.9347,0.8667,0.183884513966427,0.54452951156424,0.9432,0.6842,0.185862016554192,0.51581023505468,0.9385,0.7747,0.180792041586931,0.218612668643617,0.9323,1,0.180792041586931,0.218612668643617,0.9323,1,0.180792041586931,0.218612668643617,0.9323,1,0.184012290611812,0.466250288080748,0.9347,0.8667,0.183884513966427,0.54452951156424,0.9432,0.6842,0.185862016554192,0.51581023505468,0.9385,0.7747,0.18664206461592,0.399593033673881,0.9382,0.8515,0.18259001063023,0.340014093707981,0.9344,0.9194
1.2,0.2,0.200720559373975,0.584109308802294,0.9362,0.9911,0.167773118155708,0.268906691848651,0.934,0.9103,0.164485857445129,0.460414649676774,0.9395,0.8648,0.165170654277433,0.52930346832976,0.9473,0.6923,0.164190606142541,0.504494496394039,0.9436,0.7758,0.165982142108794,0.200720559373975,0.9362,1,0.165982142108794,0.200720559373975,0.9362,1,0.165982142108794,0.200720559373975,0.9362,1,0.164485857445129,0.460414649676774,0.9395,0.8648,0.165170654277433,0.52930346832976,0.9473,0.6923,0.164190606142541,0.504494496394039,0.9436,0.7758,0.164043436665287,0.363088907779712,0.9407,0.8583,0.161994007990009,0.310127401608269,0.937,0.9238
1.3,0.2,0.187161188701743,0.621561512143014,0.9318,0.9921,0.160802819064335,0.2574206991297,0.9335,0.9105,0.152037894825008,0.516135295545385,0.935,0.862,0.15524616444562,0.580228524855367,0.9447,0.6846,0.154000172777905,0.5540920174168,0.94,0.7719,0.15489409675679,0.187161188701743,0.9318,1,0.15489409675679,0.187161188701743,0.9318,1,0.15489409675679,0.187161188701743,0.9318,1,0.152037894825008,0.516135295545385,0.935,0.862,0.15524616444562,0.580228524855367,0.9447,0.6846,0.154000172777905,0.5540920174168,0.94,0.7719,0.152545463040875,0.461276109355837,0.9368,0.8513,0.155226466878431,0.287739915971374,0.9336,0.9175
0,0.25,0.803579348911971,0.773145258917786,0.9493,0.9809,0.344705438039174,0.73050276030589,0.9661,0.5581,0.330182086484417,0.838050226699547,0.9499,0.3693,0.319440798514517,0.836043897999757,0.9571,0.5725,0.323662552151131,0.840933299355968,0.9531,0.4862,0.33105879380199,0.768718897566814,0.9681,0.938,0.34199471558742,0.767748426469225,0.9571,0.8177,0.335947634476187,0.766227622606854,0.961,0.882,0.323319040860051,0.774799769689468,0.9701,0.9543,0.31907412347567,0.778889456477291,0.9635,0.9012,0.320233027933064,0.774801090082866,0.9653,0.9256,0.33825664192336,0.823980444388381,0.9511,0.3524,0.348135474612817,0.821937676450203,0.9519,0.2431
0.1,0.25,0.807859247940642,0.777131524277231,0.9595,0.9832,0.411676968303266,0.715800102292154,0.9642,0.4686,0.424098950689633,0.836898091386262,0.9568,0.295,0.374112974341459,0.833931995838308,0.9545,0.4997,0.395440099632692,0.833763325632971,0.9551,0.4078,0.360394440826486,0.790384130266841,0.9574,0.8804,0.416526218283276,0.773566653001804,0.9571,0.7343,0.388146302787769,0.767873290371521,0.9566,0.8068,0.33790652582035,0.791026293186747,0.9585,0.9135,0.342977545936176,0.788355517007507,0.9545,0.8588,0.34130806318364,0.781146646615238,0.9546,0.8796,0.442124850764753,0.815900625060103,0.9577,0.2889,0.472642769435298,0.815266257569886,0.9565,0.1872
0.2,0.25,0.770203109031208,0.737668943542552,0.9595,0.9839,0.454443717162972,0.69378689424572,0.9578,0.3463,0.47091510124265,0.785224759078047,0.9569,0.2231,0.402002710759193,0.784037590523258,0.9483,0.4229,0.42981607134549,0.788462381576003,0.9524,0.3314,0.424992943431314,0.741456420626478,0.9533,0.6998,0.497541436107217,0.754445793616384,0.9601,0.4941,0.464917009608509,0.748379265693467,0.9574,0.5866,0.372882177550853,0.750833170651985,0.9464,0.771,0.368205688840622,0.764930342374319,0.9436,0.7098,0.373030096173419,0.759442770796171,0.943,0.7274,0.493759302445332,0.770968738185807,0.9583,0.2301,0.529243476960861,0.773303045352087,0.9576,0.142
0.3,0.25,0.677173843352309,0.786800841420318,0.9578,0.9848,0.442412206654782,0.634972639765542,0.9543,0.7587,0.443176521656854,0.761587606028404,0.9505,0.8225,0.377095749778082,0.80107989753579,0.9424,0.6292,0.403768276050272,0.790884802246533,0.9448,0.7235,0.452824148263013,0.72355792443669,0.9575,0.5472,0.505614102765382,0.711937979503371,0.9606,0.746,0.486325025800917,0.716838671599147,0.9588,0.6662,0.379777737591098,0.77037227231288,0.9416,0.4443,0.357109279248469,0.796193741977774,0.9373,0.4608,0.370732650973914,0.786087248747235,0.9396,0.4755,0.465261204019835,0.734728504485276,0.9542,0.8073,0.502056625348706,0.727808461554787,0.9561,0.891
0.4,0.25,0.58172379501882,0.719335161184823,0.9524,0.9835,0.412560423517996,0.56952744538547,0.9461,0.8153,0.409079812338074,0.675732935481378,0.9432,0.8457,0.353011031855868,0.720764891215728,0.9316,0.658,0.378070284213429,0.701669065962542,0.9362,0.7525,0.45883805877963,0.602336699715722,0.9533,0.7752,0.485802606641357,0.588780493640684,0.9515,0.9032,0.47404211663575,0.592907748257305,0.9523,0.8558,0.384289719596507,0.681979743849223,0.9378,0.6507,0.348031353697604,0.718074401269467,0.9309,0.5888,0.36566175909814,0.701947167587851,0.9336,0.6372,0.429293529783615,0.634618976814852,0.9483,0.8264,0.455905208893524,0.611308557163875,0.9488,0.9014
0.5,0.25,0.496385355973063,0.717083307762153,0.9485,0.9853,0.37318439330042,0.505644154063184,0.9403,0.861,0.367178866132022,0.638048827362471,0.9404,0.8542,0.321476110291444,0.693216060451322,0.9287,0.6788,0.339381489616707,0.669915911534947,0.9341,0.7648,0.419745812366525,0.517227652283459,0.9496,0.9157,0.428572222927297,0.499585712505438,0.9494,0.9714,0.426162450418848,0.500133781334547,0.9499,0.953,0.358933110103779,0.640098527796052,0.9393,0.7794,0.319841442271034,0.692986175693908,0.9283,0.6573,0.33619689581755,0.67079603855825,0.9328,0.7255,0.381339071526505,0.593498094314179,0.9451,0.8391,0.40145360936026,0.552661449561665,0.9473,0.9125
0.6,0.25,0.431446143194163,0.749640130872555,0.9465,0.9882,0.337821560397095,0.453242383526373,0.9417,0.88,0.330659991034299,0.59721337457422,0.9415,0.8644,0.29776661318126,0.666567571501601,0.9387,0.6794,0.314458388817433,0.646025507779163,0.9403,0.769,0.376741293828066,0.435034302476364,0.9468,0.9763,0.378592527258765,0.431512826134705,0.9465,0.9951,0.378364761965849,0.432422726265972,0.9466,0.9896,0.329300989979159,0.599093156766104,0.9418,0.8435,0.29772826929305,0.666602995396882,0.9385,0.6758,0.314197104291062,0.646216446633702,0.9402,0.7609,0.344955226984119,0.535310187071304,0.9455,0.8523,0.358986610420776,0.507159154049518,0.9457,0.9161
0.7,0.25,0.383040017215348,0.680233299819194,0.9391,0.9863,0.302320072510336,0.41590148414768,0.9298,0.8872,0.296507591279683,0.572131098298033,0.9311,0.8619,0.269182635058286,0.633128478354675,0.9299,0.685,0.277529458524189,0.608765068228374,0.9293,0.772,0.336210817911368,0.384114361360793,0.9393,0.9949,0.33610985599346,0.383345021115566,0.9392,0.9989,0.336040332008471,0.383240229301937,0.9391,0.9982,0.296507017473383,0.572675579238754,0.9311,0.857,0.269141550816612,0.633199855204265,0.9299,0.6842,0.277492108314122,0.608833382527646,0.9293,0.7704,0.304515229058198,0.509578835089764,0.9346,0.8456,0.312527895318312,0.470325290234996,0.9342,0.9146
0.8,0.25,0.340321931619127,0.686475839173111,0.9384,0.9888,0.277359746620549,0.386292784548383,0.9383,0.8923,0.263946236627325,0.572187521215764,0.9361,0.8635,0.241289891653077,0.636577820148698,0.9384,0.6828,0.253065100329456,0.616476580146639,0.9363,0.769,0.299929434309308,0.340370399526098,0.9384,0.9993,0.299977484279149,0.340318400198017,0.9384,0.9999,0.299983463014626,0.340321614545106,0.9384,0.9998,0.263896863575961,0.572216349654376,0.9361,0.8628,0.241288568571555,0.636575932204556,0.9384,0.6827,0.253069755983409,0.616476405143454,0.9364,0.7688,0.275861613636037,0.511342972680617,0.9412,0.8449,0.287591298248963,0.455924311659439,0.941,0.9161
0.9,0.25,0.302741427371369,0.646710689712683,0.941,0.9904,0.24490993151535,0.351747464366605,0.9377,0.9019,0.241602404872247,0.533277015005191,0.9384,0.8623,0.226952140178531,0.603585952701931,0.9428,0.6857,0.230876282665248,0.579133794881273,0.9391,0.7746,0.265626549523978,0.303778440225529,0.941,0.9998,0.265374070777474,0.302741427371369,0.941,1,0.265602933433058,0.303741837328867,0.941,0.9999,0.241626020963167,0.533297864094876,0.9384,0.8622,0.226952140178531,0.603585952701931,0.9428,0.6857,0.230876282665248,0.579133794881273,0.9391,0.7746,0.243618358075003,0.465163634675063,0.9429,0.8424,0.249928667098553,0.411615415488728,0.9408,0.9143
1,0.25,0.280176178685461,0.620597610211578,0.9338,0.9888,0.230935501754455,0.326387699897839,0.9292,0.9093,0.218981539797836,0.502443605415368,0.9286,0.8649,0.206374052060108,0.579769712176653,0.9332,0.6831,0.210629923355516,0.542871026832865,0.9297,0.7742,0.245617744916342,0.280184879182611,0.9338,0.9999,0.24561125059889,0.280176178685461,0.9338,1,0.245617744916342,0.280184879182611,0.9338,0.9999,0.218988034115287,0.502448457134832,0.9286,0.8648,0.206374052060108,0.579769712176653,0.9332,0.6831,0.210636417672967,0.542875517259525,0.9297,0.7741,0.230897928832131,0.43345682060482,0.9361,0.8521,0.234414735426736,0.39248437820653,0.9344,0.9155
1.1,0.25,0.253958698147231,0.666051146874782,0.9342,0.9916,0.211362980360666,0.307068394905571,0.9332,0.9105,0.206724342235469,0.562280766129707,0.9352,0.8696,0.194862216338064,0.623019225636162,0.9379,0.6945,0.200224240306028,0.602315254754621,0.9359,0.7809,0.222374780456369,0.253958698147231,0.9342,1,0.222374780456369,0.253958698147231,0.9342,1,0.222374780456369,0.253958698147231,0.9342,1,0.206724342235469,0.562280766129707,0.9352,0.8696,0.194862216338064,0.623019225636162,0.9379,0.6945,0.200224240306028,0.602315254754621,0.9359,0.7809,0.211252292840337,0.506446580071898,0.9383,0.8541,0.214331944204649,0.472771676314267,0.9356,0.9241
1.2,0.25,0.233232287847797,0.572195793856368,0.9307,0.9898,0.19005605774524,0.281114418182625,0.9265,0.9125,0.183348819242392,0.451383113558655,0.9275,0.865,0.174181837080488,0.527092777044425,0.9348,0.6935,0.178193201111308,0.497672929283536,0.9328,0.7778,0.203541677352602,0.233232287847797,0.9307,1,0.203541677352602,0.233232287847797,0.9307,1,0.203541677352602,0.233232287847797,0.9307,1,0.183348819242392,0.451383113558655,0.9275,0.865,0.174181837080488,0.527092777044425,0.9348,0.6935,0.178193201111308,0.497672929283536,0.9328,0.7778,0.18751299786918,0.383192382667172,0.9301,0.8518,0.196188582336438,0.322079052615077,0.9295,0.9209
1.3,0.25,0.215982959033416,0.541685382698824,0.9296,0.9896,0.17499547766344,0.275004186571371,0.9264,0.8985,0.170377245668336,0.420582421461452,0.9279,0.8589,0.159579009816988,0.495301402095048,0.9359,0.6762,0.163013615489039,0.464415902439067,0.9305,0.7665,0.188308211177553,0.215982959033416,0.9296,1,0.188308211177553,0.215982959033416,0.9296,1,0.188308211177553,0.215982959033416,0.9296,1,0.170377245668336,0.420582421461452,0.9279,0.8589,0.159579009816988,0.495301402095048,0.9359,0.6762,0.163013615489039,0.464415902439067,0.9305,0.7665,0.176354583031631,0.359585288578497,0.9329,0.8491,0.180961930404488,0.316805178486852,0.9304,0.9168
0,0.3,0.878043688495976,0.756995715319488,0.9361,0.9815,0.330586527963406,0.763232268098674,0.9645,0.6517,0.308860858615379,0.901231267186776,0.9419,0.4519,0.303576588989416,0.896481648092315,0.9524,0.6526,0.305625126689409,0.899135082383901,0.9479,0.5691,0.318938687155306,0.759957299299716,0.9632,0.9423,0.32952673595967,0.765903251733985,0.9484,0.8202,0.324696913004555,0.760587319403887,0.9533,0.8829,0.310947593691179,0.761324270832753,0.9673,0.9596,0.311642163123261,0.769467413059642,0.9601,0.914,0.311253296196556,0.76228534024228,0.9624,0.9341,0.314990028739968,0.892563811602752,0.9429,0.4283,0.322267327450117,0.890488759544011,0.937,0.3097
0.1,0.3,0.878681227331211,0.778909837462887,0.9506,0.9803,0.402500232113029,0.740914587311775,0.9595,0.5672,0.413725912342006,0.88865229765147,0.946,0.3991,0.364697840321992,0.887939744165142,0.9463,0.5978,0.382997042952522,0.87960802569576,0.9446,0.5134,0.359707415372561,0.796555324533085,0.9489,0.8875,0.427098179750979,0.811708185834857,0.9491,0.7327,0.392926694162743,0.794053554751599,0.9457,0.8095,0.326872813610804,0.794529321018089,0.9511,0.927,0.332119203160175,0.805732493556586,0.9482,0.8805,0.33053555399309,0.792018191497338,0.9464,0.8976,0.438433052366768,0.876274636239707,0.9494,0.3764,0.475310803746238,0.882772248924709,0.9515,0.2619
0.2,0.3,0.834418932072842,0.833356589973315,0.9515,0.9835,0.451576972241241,0.724742933634652,0.9497,0.4533,0.485323381051363,0.868697181176901,0.9472,0.304,0.401840911078416,0.860964533014665,0.9383,0.5152,0.435143695122547,0.869128644185627,0.9412,0.4209,0.43500525899127,0.840798431647532,0.9439,0.7036,0.527531913390523,0.852115667125543,0.9564,0.4954,0.487814995215109,0.853538894493963,0.9504,0.5881,0.368967038089583,0.855609574232425,0.9315,0.7854,0.363311058548973,0.862125862841903,0.9296,0.7431,0.371490662936384,0.863796044678417,0.9291,0.7478,0.51204226229646,0.85097878913617,0.9504,0.2921,0.559001755100277,0.845814421969737,0.9501,0.1891
0.3,0.3,0.753473153322267,0.742484856442559,0.9487,0.9833,0.462308896858154,0.67562192612147,0.9411,0.3372,0.487200094841076,0.784207709509673,0.9416,0.2379,0.409038966812686,0.793130736393494,0.9296,0.4264,0.440861420037499,0.791922673194057,0.9326,0.3406,0.497046061094031,0.741950331159779,0.9522,0.4598,0.572739664106234,0.740652834838647,0.9562,0.2574,0.545036977789417,0.739955765051041,0.9559,0.3377,0.408456861928423,0.765021611724437,0.9271,0.5842,0.386381785908839,0.780234277595953,0.9221,0.5699,0.40026927929144,0.777127354496641,0.9222,0.559,0.517125049332538,0.759166966577245,0.9478,0.2313,0.55677723095752,0.755695192388067,0.9479,0.1456
0.4,0.3,0.657323749687384,0.805235778126755,0.9477,0.986,0.443751284936205,0.615030228775266,0.939,0.7568,0.458478103819041,0.803069512407786,0.9418,0.8096,0.386811852615445,0.825219240667826,0.9237,0.6175,0.416479678138734,0.816692929419728,0.9309,0.7102,0.514465859002706,0.660140610420909,0.9557,0.7716,0.556703030818536,0.658063409957947,0.9517,0.9023,0.541755400232878,0.658994505933159,0.9537,0.8534,0.418993676586572,0.795695289880176,0.9309,0.6243,0.377159800756812,0.819510252243524,0.9206,0.5548,0.398871746798542,0.811194996812074,0.9258,0.6051,0.480791777189775,0.772108111980028,0.9462,0.8013,0.513461485026146,0.687770597025504,0.948,0.8835
0.5,0.3,0.563581998363249,0.726081454236411,0.9462,0.985,0.399900608990223,0.547670379332101,0.9325,0.8083,0.406325738120071,0.682245680189982,0.9336,0.8287,0.348730306184222,0.727236577439125,0.9193,0.6453,0.370648127006388,0.714551508657909,0.9239,0.7333,0.487936805560512,0.562835878583158,0.9499,0.9202,0.500286315581821,0.561697723199657,0.9465,0.975,0.496378831814771,0.561117518562025,0.9479,0.9561,0.394658280963361,0.679210755472087,0.9313,0.7612,0.345943224175352,0.725692748879325,0.9179,0.6291,0.365533070918576,0.712352410366015,0.9221,0.6998,0.427174834160705,0.617415826304112,0.9388,0.8219,0.45764892362069,0.604191704646214,0.942,0.9014
0.6,0.3,0.496227493136364,0.799689055263253,0.9447,0.9867,0.365405909839409,0.494777046677828,0.9289,0.8423,0.365729587970582,0.641171724020793,0.9282,0.8391,0.312217855964858,0.786158252714557,0.9132,0.6563,0.332402198782045,0.68030767240154,0.9167,0.7446,0.442463896595179,0.499012142201383,0.9451,0.9763,0.446685789493136,0.496404239005081,0.945,0.994,0.444762825064237,0.497842599345047,0.9452,0.9889,0.362861210811723,0.640903881938143,0.9274,0.8192,0.312139122073324,0.78625473409481,0.9134,0.6519,0.331475607511188,0.680157741917863,0.9161,0.7358,0.383228312353082,0.58061420202071,0.9356,0.8287,0.407922952016335,0.550971270170941,0.941,0.9027
0.7,0.3,0.436078521124989,0.684758359337356,0.9385,0.9891,0.329709325112368,0.451840084679148,0.9293,0.8642,0.327115102852117,0.59634894542597,0.9286,0.8527,0.287302579190282,0.656272543590416,0.922,0.6691,0.30295002640196,0.637222653747391,0.9249,0.7575,0.395228319270655,0.438013344466469,0.9382,0.994,0.395541337735124,0.43606331220345,0.9382,0.9985,0.395608992242591,0.437103706034172,0.9384,0.997,0.326787606680289,0.596758664093875,0.9282,0.8472,0.287217242662061,0.656262436289732,0.922,0.6676,0.302658837767258,0.637135958452229,0.9248,0.7546,0.343261162954995,0.540731458863583,0.94,0.8375,0.361514007314176,0.502001097094645,0.942,0.9097
0.8,0.3,0.389202002319118,0.652222681123102,0.936,0.9888,0.305330615559863,0.412746534755916,0.9271,0.8782,0.305106229733514,0.536921096658581,0.9276,0.8546,0.268984072956007,0.618667791936321,0.9197,0.6747,0.28425253630591,0.579866848167584,0.9219,0.764,0.353950478898633,0.389219653953941,0.9357,0.9994,0.354082801208358,0.38920022674054,0.9359,0.9998,0.354082801208358,0.38920022674054,0.9359,0.9998,0.30496867465422,0.536933890813567,0.9276,0.854,0.268978840186439,0.618666674854857,0.9197,0.6745,0.284247303536342,0.579865656351876,0.9219,0.7638,0.313662328579011,0.48987502668588,0.9328,0.8433,0.328380399619121,0.451477196183078,0.9361,0.9129
0.9,0.3,0.350659461276563,0.822781159199403,0.9364,0.988,0.276419555323982,0.382832779331341,0.9257,0.8862,0.269038376926431,0.749768072678675,0.9258,0.8545,0.246302756568909,0.796516133816255,0.9231,0.6771,0.254622565304822,0.777816151236251,0.9228,0.7655,0.318257990498422,0.350649430421046,0.9364,0.9999,0.318267698765808,0.350659461276563,0.9364,1,0.318267698765808,0.350659461276563,0.9364,1,0.269028668659045,0.749763381330759,0.9258,0.8544,0.246302756568909,0.796516133816255,0.9231,0.6771,0.254622565304822,0.777816151236251,0.9228,0.7655,0.278088769969152,0.691228371186549,0.9307,0.8416,0.289226007294241,0.671039334273935,0.9333,0.9096
1,0.3,0.316791889795773,0.623146587251691,0.936,0.9893,0.251376225868254,0.349950766166154,0.9277,0.892,0.246882505284682,0.51609325184592,0.9289,0.8572,0.222371818387963,0.583459780804426,0.9242,0.6783,0.233434366972695,0.552784483206922,0.9248,0.765,0.287964511810293,0.316791889795773,0.936,1,0.287964511810293,0.316791889795773,0.936,1,0.287964511810293,0.316791889795773,0.936,1,0.246882505284682,0.51609325184592,0.9289,0.8572,0.222371818387963,0.583459780804426,0.9242,0.6783,0.233434366972695,0.552784483206922,0.9248,0.765,0.26032836255535,0.446015746053905,0.9351,0.8472,0.270463423358161,0.404316935852177,0.9352,0.9177
1.1,0.3,0.291938887511752,0.635255486522207,0.936,0.9908,0.233553981477908,0.332509776444692,0.9303,0.8913,0.223126691861192,0.504261270635671,0.9267,0.8555,0.209484756068532,0.585804357154172,0.9268,0.6806,0.213126390874718,0.562834683872216,0.9237,0.7659,0.264834073221718,0.291938887511752,0.936,1,0.264834073221718,0.291938887511752,0.936,1,0.264834073221718,0.291938887511752,0.936,1,0.223126691861192,0.504261270635671,0.9267,0.8555,0.209484756068532,0.585804357154172,0.9268,0.6806,0.213126390874718,0.562834683872216,0.9237,0.7659,0.235626421296752,0.416313287510744,0.9353,0.8516,0.247174958065899,0.368181490823315,0.938,0.9217
1.2,0.3,0.264685020894135,0.558966942414117,0.931,0.9878,0.21180830313305,0.307336750523581,0.9256,0.8965,0.209816812833664,0.448184774394789,0.9286,0.859,0.188292688853767,0.519500633373407,0.9256,0.6804,0.195224515064779,0.492541338922122,0.9243,0.7666,0.239121870781693,0.264685020894135,0.931,1,0.239121870781693,0.264685020894135,0.931,1,0.239121870781693,0.264685020894135,0.931,1,0.209816812833664,0.448184774394789,0.9286,0.859,0.188292688853767,0.519500633373407,0.9256,0.6804,0.195224515064779,0.492541338922122,0.9243,0.7666,0.216075409961161,0.394572046985648,0.9322,0.8512,0.222469840082759,0.347996076934528,0.93,0.917
1.3,0.3,0.246111776046239,0.565212348165955,0.9331,0.9911,0.195179032092314,0.28418659150614,0.923,0.8966,0.20091717263623,0.449607301232585,0.9296,0.8548,0.183116572982728,0.526119241626058,0.93,0.6748,0.190173226560366,0.500131098574057,0.9274,0.7671,0.222565783331209,0.246111776046239,0.9331,1,0.222565783331209,0.246111776046239,0.9331,1,0.222565783331209,0.246111776046239,0.9331,1,0.20091717263623,0.449607301232585,0.9296,0.8548,0.183116572982728,0.526119241626058,0.93,0.6748,0.190173226560366,0.500131098574057,0.9274,0.7671,0.202939772983377,0.390251871708102,0.9343,0.8424,0.211868426016407,0.351952042898678,0.9345,0.916
0,0.35,0.930888190455644,0.779531032681365,0.9175,0.9844,0.331595460651598,0.775458340376928,0.966,0.7332,0.299862647440788,0.939437711327108,0.9353,0.5512,0.300342052732594,0.921955595135394,0.9516,0.7239,0.29907031630484,0.930672511239984,0.9436,0.6526,0.319219854813797,0.779622274205918,0.9617,0.9451,0.327163242038109,0.798406651005232,0.9375,0.8258,0.326441218626661,0.789463703293116,0.9457,0.8845,0.313193086339602,0.78237287731872,0.9677,0.9641,0.309158093719171,0.800567013719138,0.9599,0.9235,0.31345870111962,0.792994227598222,0.9592,0.9368,0.307709017238369,0.933409071259736,0.9336,0.5167,0.314619645768091,0.936855459923535,0.926,0.4034
0.1,0.35,0.968698190685422,0.828759353703125,0.9348,0.9832,0.411963325582352,0.782514016803164,0.9528,0.6691,0.459612706456662,0.944975549842729,0.9334,0.4858,0.39843449081607,0.917906243550457,0.9395,0.6784,0.421509988040623,0.927089930118569,0.9357,0.6006,0.392047222485161,0.859007525203281,0.9393,0.8806,0.47753917576469,0.895067326892103,0.9359,0.7229,0.43956990776678,0.878333566882362,0.9339,0.7991,0.356194815334159,0.84885953590506,0.9465,0.9255,0.363034060481191,0.863899946415888,0.9426,0.8864,0.364006907774368,0.858528047609579,0.9431,0.9004,0.47637979091311,0.943221842688554,0.9357,0.4583,0.512763500063837,0.95371952530393,0.933,0.3397
0.2,0.35,0.930726302380567,0.828521521721038,0.9388,0.9804,0.442121743845506,0.770942564984761,0.9395,0.5699,0.500468243440091,0.921523751021685,0.9299,0.3878,0.411871169698426,0.893186018552529,0.9248,0.5877,0.448263700002531,0.909587970349677,0.9278,0.5036,0.445794662391504,0.86604722368883,0.9276,0.7165,0.558067556972333,0.900446938648088,0.9442,0.5121,0.506146048594093,0.884932181540741,0.9359,0.605,0.36740674453862,0.860311848329831,0.9129,0.8118,0.363943414343646,0.868600502784775,0.9156,0.7773,0.369406497448231,0.866073977774188,0.9132,0.7861,0.530747655223333,0.90671103077474,0.9325,0.3664,0.583644880331881,0.915917577976474,0.9372,0.2568
0.3,0.35,0.825548837702538,0.835514715291713,0.9402,0.9831,0.455425776406468,0.706637200872118,0.9224,0.5566,0.501009089044634,0.82624685609898,0.9227,0.7036,0.409291452022247,0.811485072081529,0.9025,0.508,0.447158149149182,0.820179107178344,0.9108,0.5949,0.531498630968985,0.775145446106816,0.941,0.5403,0.629257087926921,0.795327340042169,0.9508,0.746,0.589299741491305,0.787346959800675,0.9488,0.6636,0.407390337307891,0.774826432134159,0.8971,0.3906,0.383155238990744,0.786566397704075,0.8957,0.3883,0.396909810125667,0.785200064848222,0.8937,0.4066,0.535649915244865,0.808572253720924,0.9319,0.7119,0.593388807140656,0.816905518861908,0.9367,0.8136
0.4,0.35,0.735550656145908,0.737171643950329,0.9428,0.9854,0.456575220306639,0.660121605907404,0.9247,0.667,0.486457773928883,0.773477049847689,0.9246,0.769,0.401061343150267,0.779522282622609,0.9007,0.5715,0.438645318104307,0.783610564689248,0.9102,0.6666,0.585417694213854,0.722003313857619,0.9493,0.7777,0.63379356485801,0.730888119385097,0.9475,0.9056,0.616536275908298,0.725807203203198,0.9491,0.8598,0.443364498495707,0.755763683274102,0.9098,0.6007,0.390369590050975,0.775022028740572,0.8948,0.5171,0.417419479612038,0.772436031273847,0.9012,0.5735,0.52154601661989,0.760012402094911,0.9341,0.7728,0.567614676107947,0.753006970643585,0.9382,0.8598
0.5,0.35,0.631950649898038,0.721387595090555,0.9435,0.9875,0.428272036302553,0.588449725620884,0.9238,0.7522,0.445508437788721,0.70231361267447,0.926,0.8074,0.369986945209151,0.72702189156233,0.8996,0.6152,0.40055172490721,0.715527603108738,0.9113,0.7069,0.55112253587149,0.633425184813275,0.947,0.9103,0.56780485960083,0.628616615921213,0.944,0.968,0.562378957117246,0.628803923223153,0.9454,0.9494,0.428054433928684,0.703190209167813,0.9204,0.7327,0.366974326219699,0.725028795786608,0.8987,0.5962,0.393838364055185,0.712563376260426,0.9064,0.672,0.473249430168137,0.667741273969158,0.9337,0.8016,0.508741396823299,0.663538923656328,0.9392,0.881
0.6,0.35,0.558367467592085,0.713284235956931,0.9447,0.988,0.403024186458323,0.53850537536103,0.9227,0.8099,0.414930830413094,0.666729045476907,0.9271,0.8323,0.349157145414933,0.711643196999991,0.9037,0.6461,0.374692682496419,0.699759450913291,0.9105,0.7335,0.509440841799331,0.560416497386978,0.9458,0.9756,0.51522070011221,0.557508914428288,0.9447,0.9944,0.513219890518819,0.560573526097326,0.9456,0.9891,0.410818424077361,0.665002183259092,0.9256,0.8117,0.348605382248485,0.71116438936435,0.9034,0.6426,0.37362035664215,0.699114026217955,0.9106,0.7262,0.428827124624004,0.622954813338813,0.9324,0.8246,0.462914491376406,0.595202967630326,0.9407,0.896
0.7,0.35,0.492675036839628,0.68445078712715,0.9405,0.9884,0.362272438477473,0.487733699881291,0.9179,0.8296,0.368232183143399,0.624356350732909,0.922,0.835,0.317272496323018,0.675941950095718,0.9028,0.6472,0.33773733021058,0.658868288245982,0.9118,0.7352,0.455255526541733,0.494738392787308,0.9404,0.9935,0.455919580969947,0.492601438979286,0.9407,0.9983,0.455773403519718,0.492539546583887,0.9407,0.9975,0.367337577373806,0.624438493184964,0.922,0.83,0.317237971953379,0.675926990370994,0.9027,0.6463,0.33746953533671,0.658805921240817,0.9116,0.7332,0.382936282521499,0.579655384812762,0.9307,0.823,0.409541597249692,0.553661222918645,0.9367,0.9009
0.8,0.35,0.438372375210884,0.635214647091043,0.9355,0.9907,0.323592957560344,0.444348325554399,0.9185,0.8442,0.321022894894715,0.573565945062936,0.9172,0.8402,0.277215836993053,0.616626410041436,0.8985,0.6643,0.297227160238712,0.598549392735062,0.907,0.753,0.404681255126777,0.438352105075057,0.9352,0.9985,0.405044054487331,0.438378916958182,0.9353,0.9998,0.404859594562136,0.438509239860663,0.9354,0.9994,0.320562162659159,0.573524386771113,0.9167,0.8388,0.277215836993053,0.616626410041436,0.8985,0.6643,0.29705699555562,0.598483741626281,0.9069,0.7526,0.342683512099337,0.513196187507912,0.9257,0.8362,0.36537160511625,0.48633745415295,0.932,0.9053
0.9,0.35,0.394406277675666,0.612542782601856,0.9348,0.9891,0.297146714728874,0.408868939035568,0.9157,0.8589,0.292364726445888,0.523508826243329,0.9169,0.8457,0.250383318428493,0.578908179571311,0.8965,0.6668,0.266911235403271,0.560875739587612,0.9039,0.7511,0.364942459260993,0.394377650607854,0.9348,0.9999,0.364963030660102,0.394406277675666,0.9348,1,0.364963030660102,0.394406277675666,0.9348,1,0.292344155046779,0.523487258951872,0.9169,0.8456,0.250383318428493,0.578908179571311,0.8965,0.6668,0.266911235403271,0.560875739587612,0.9039,0.7511,0.308119721546003,0.48652491583543,0.9271,0.835,0.32942453250536,0.458588442718635,0.9348,0.9072
1,0.35,0.357954155177933,0.620473126687961,0.9374,0.9907,0.269959926251346,0.376843417208496,0.9152,0.8676,0.272318385439802,0.531157078979752,0.9204,0.8495,0.238000752858745,0.586573998724376,0.9073,0.6663,0.253953598803961,0.564367299939843,0.9128,0.7563,0.332218043055084,0.357954155177933,0.9374,1,0.332218043055084,0.357954155177933,0.9374,1,0.332218043055084,0.357954155177933,0.9374,1,0.272318385439802,0.531157078979752,0.9204,0.8495,0.238000752858745,0.586573998724376,0.9073,0.6663,0.253953598803961,0.564367299939843,0.9128,0.7563,0.286382484232974,0.473467641933929,0.9297,0.8382,0.305021503885396,0.443948828650781,0.9336,0.9098
1.1,0.35,0.328694222236745,0.568013834564894,0.9291,0.9903,0.250435654241553,0.352508003623971,0.9104,0.8798,0.255009255843618,0.474332776138534,0.9181,0.8552,0.220243087244565,0.53388755751981,0.9034,0.6803,0.233481777134728,0.51138876228305,0.9075,0.7628,0.304463459744533,0.328694222236745,0.9291,1,0.304463459744533,0.328694222236745,0.9291,1,0.304463459744533,0.328694222236745,0.9291,1,0.255009255843618,0.474332776138534,0.9181,0.8552,0.220243087244565,0.53388755751981,0.9034,0.6803,0.233481777134728,0.51138876228305,0.9075,0.7628,0.260777365125876,0.422592935419734,0.9245,0.8449,0.27937552197694,0.394518352100897,0.9292,0.9141
1.2,0.35,0.302492812360091,0.590108572449425,0.9358,0.9936,0.23391667297508,0.327058469170534,0.9234,0.8829,0.238328022017059,0.489890531404326,0.927,0.8569,0.211014335048611,0.553260699169316,0.9201,0.6722,0.22365811163591,0.53351437457687,0.9238,0.765,0.280709915163731,0.302492812360091,0.9358,1,0.280709915163731,0.302492812360091,0.9358,1,0.280709915163731,0.302492812360091,0.9358,1,0.238328022017059,0.489890531404326,0.927,0.8569,0.211014335048611,0.553260699169316,0.9201,0.6722,0.22365811163591,0.53351437457687,0.9238,0.765,0.244097565226901,0.402836255008019,0.9306,0.8484,0.258554352906334,0.376055371805256,0.9358,0.9167
1.3,0.35,0.279911248268221,0.5344515387623,0.9321,0.9899,0.215646028718677,0.308552432656629,0.9121,0.8885,0.215819740162613,0.438953999612635,0.9159,0.8546,0.188012556289733,0.497794173039725,0.9018,0.6837,0.198889833670495,0.477004848056675,0.9062,0.7691,0.258979751590956,0.279911248268221,0.9321,1,0.258979751590956,0.279911248268221,0.9321,1,0.258979751590956,0.279911248268221,0.9321,1,0.215819740162613,0.438953999612635,0.9159,0.8546,0.188012556289733,0.497794173039725,0.9018,0.6837,0.198889833670495,0.477004848056675,0.9062,0.7691,0.225284372940886,0.371625909213794,0.9254,0.8513,0.24045967966818,0.337089500191856,0.9295,0.9175
0,0.4,0.971999561516344,0.767737294356447,0.8947,0.9829,0.317914704848896,0.7846926314498,0.9613,0.7833,0.286429821660429,0.959114554644461,0.9247,0.6254,0.291135355008494,0.929306980396414,0.9427,0.77,0.288508885259226,0.944754377530722,0.9351,0.7129,0.320233646716368,0.772955852264502,0.9521,0.9373,0.333127653232069,0.808923440350294,0.9208,0.8118,0.324842593670807,0.787205196171303,0.9328,0.8785,0.313197011117376,0.770276553201132,0.9605,0.9605,0.310573025580456,0.791880605388397,0.9511,0.9219,0.310894274005668,0.779094893096923,0.953,0.9382,0.292615550371304,0.95997046581165,0.9226,0.5943,0.292126077453068,0.968902985182743,0.9134,0.4906
0.1,0.4,1.03662805352293,0.812656590319615,0.9104,0.9849,0.410117557468829,0.812323129993396,0.9531,0.7412,0.467817810006587,0.994237174139636,0.9222,0.5591,0.405609334497899,0.952544847189331,0.9365,0.7284,0.432314595966165,0.970989548069502,0.9294,0.6603,0.39915219388792,0.85551461415621,0.9292,0.8824,0.495276143124937,0.917507117814641,0.9217,0.7229,0.445584835523387,0.888047762037766,0.9239,0.8069,0.359129924326209,0.841120289457736,0.9413,0.9301,0.370683799896548,0.867081153396058,0.9391,0.8953,0.366723670679112,0.856956024335991,0.9374,0.9086,0.489900099245361,0.990641772349178,0.9228,0.5236,0.529984182470038,1.00751837777242,0.9156,0.4076
0.2,0.4,1.00268027000471,0.765658817818124,0.9233,0.9796,0.439320152673185,0.788742682690002,0.9293,0.664,0.538354730473597,0.964035497839325,0.9142,0.4516,0.439972698815977,0.92521456152094,0.9145,0.6465,0.478829945136113,0.945279325174576,0.912,0.5668,0.481137909895005,0.814831704516659,0.9121,0.7078,0.619698300132573,0.888820789579136,0.9386,0.4957,0.557637792281455,0.857849846381992,0.927,0.59,0.381356878945351,0.806609142343765,0.8985,0.8185,0.384606661385682,0.838593735476796,0.9037,0.7936,0.386224367237375,0.832453054879804,0.8979,0.7937,0.572213114728665,0.953543705011982,0.9189,0.4282,0.629664054198032,0.975847734590168,0.918,0.3131
0.3,0.4,0.919255555762353,0.781928341415229,0.9229,0.9829,0.474352396972059,0.753268231657968,0.9133,0.5397,0.564706546191707,0.895599514550496,0.9148,0.3503,0.454363060168197,0.898613208122,0.9006,0.5485,0.499031732587331,0.877733247324895,0.9086,0.464,0.589215965117101,0.827444874076822,0.9311,0.4557,0.701134190308525,0.867533703483746,0.9399,0.2538,0.660140361558748,0.849944224158161,0.9395,0.3318,0.451026638536028,0.81676362740692,0.8882,0.6225,0.419420113018574,0.863185295840876,0.8863,0.643,0.43999777099623,0.824622860107676,0.8885,0.6175,0.599819263979204,0.887215516550193,0.9187,0.3265,0.661797693541594,0.903286331159626,0.9184,0.2226
0.4,0.4,0.809508092059429,0.738119357330676,0.9352,0.9829,0.46451026856707,0.688868494067753,0.9066,0.4232,0.532092187534349,0.824593771280235,0.9167,0.2749,0.434394205231983,0.810532159239074,0.8912,0.4705,0.474525662083806,0.8161308411535,0.903,0.3802,0.636696769421064,0.768960870148214,0.945,0.2229,0.698483934564832,0.794161445727127,0.9417,0.0957,0.678411338239044,0.784131103774131,0.9429,0.1367,0.473310871528226,0.789027965743143,0.8996,0.431,0.420818622377653,0.797142481297,0.8837,0.5131,0.448648120194359,0.794291970372579,0.8881,0.4558,0.567879147328776,0.798641297936148,0.922,0.2626,0.624208433449528,0.802508384593367,0.927,0.1678
0.5,0.4,0.707235728654947,0.706580326762483,0.9368,0.9857,0.444428884190626,0.63499078947439,0.8938,0.3261,0.486460576916555,0.739569609705258,0.9093,0.2276,0.39793174722376,0.74940322527155,0.8718,0.4231,0.436407956337292,0.748394179671649,0.886,0.3306,0.617396774223051,0.699087042763207,0.9414,0.0872000000000001,0.644769270012264,0.707063605044325,0.9378,0.0278,0.636797730170623,0.704576202052474,0.9385,0.0474,0.466342426134576,0.732594293222417,0.8999,0.2877,0.395277025674345,0.750151574509479,0.87,0.4368,0.429992956403884,0.747231822146432,0.8835,0.3572,0.517355115336404,0.713245278689187,0.9186,0.2249,0.563432376817303,0.710788128601875,0.9264,0.135
0.6,0.4,0.6183550222104,0.70066895576092,0.9374,0.9872,0.414995527753207,0.578452304709209,0.9031,0.7415,0.442556968060594,0.689451684820748,0.9123,0.801,0.366706852093668,0.722980609223357,0.8799,0.6123,0.399345390993696,0.712932978708296,0.8942,0.7041,0.568220651300045,0.615551642420132,0.9397,0.972,0.575493669773611,0.617424683693557,0.938,0.9931,0.573603689322222,0.616872750893618,0.9386,0.9866,0.437027462883873,0.686060403144494,0.9099,0.7801,0.365781797378014,0.722340147401778,0.8789,0.6079,0.397823783973085,0.711975733610173,0.8932,0.6953,0.468549492269271,0.65629356275089,0.9246,0.8005,0.510555976057499,0.643406029351257,0.9336,0.8814
0.7,0.4,0.548742752321005,0.710619432493699,0.935,0.9895,0.375040009793351,0.524890478255538,0.8941,0.774,0.395849231372343,0.662284457244052,0.9052,0.8151,0.33603465844042,0.714869375813458,0.8777,0.6234,0.361152277353746,0.69878331840919,0.8895,0.7141,0.512813265091885,0.548291184349794,0.9356,0.9936,0.514417933291217,0.548560724999583,0.935,0.9988,0.514061387899283,0.548343797881608,0.9351,0.9971,0.394632833201893,0.662022073090039,0.9035,0.8099,0.335812805996573,0.714793162186954,0.8777,0.6225,0.360726295980528,0.698623589694098,0.8893,0.712,0.420985082170987,0.596130117579961,0.9207,0.8136,0.453557634367183,0.575177053755367,0.9326,0.8944
0.8,0.4,0.494086316246761,0.688087668334037,0.9316,0.9888,0.351059711399353,0.483995073139758,0.8966,0.8064,0.361556295485015,0.626012416940461,0.9014,0.8282,0.301702877457912,0.673574390684027,0.865,0.6453,0.327161406886126,0.65848132152036,0.881,0.7348,0.46284765647505,0.493708716187039,0.9314,0.9987,0.463220911171528,0.49404576068668,0.9316,0.9997,0.463090670023425,0.493787327992563,0.9317,0.9995,0.361281224680868,0.625768670697197,0.9013,0.8275,0.301659386482925,0.673556548194313,0.865,0.6452,0.32700456072633,0.658275707873567,0.8812,0.7346,0.380176185555836,0.553268634731946,0.9164,0.8226,0.41354701291688,0.525510495481632,0.9261,0.8981
0.9,0.4,0.442809743082395,0.630417925464496,0.9323,0.9885,0.316894538434533,0.440895847204277,0.898,0.8223,0.321323342858654,0.561335000025843,0.9013,0.8318,0.269605568395073,0.615241622715764,0.8714,0.6474,0.288902463933372,0.597500121803384,0.8794,0.7369,0.415846027469927,0.442798761323137,0.9323,0.9998,0.415960582573887,0.442809743082395,0.9323,1,0.415960582573887,0.442809743082395,0.9323,1,0.321208787754693,0.561326335161792,0.9012,0.8316,0.269605568395073,0.615241622715764,0.8714,0.6474,0.288902463933372,0.597500121803384,0.8794,0.7369,0.33863338151132,0.505960682598257,0.9133,0.8274,0.366078849172235,0.490437408748028,0.9238,0.9034
1,0.4,0.401254905750271,0.599351663145928,0.9376,0.9905,0.288825484191584,0.406940712554347,0.9012,0.8346,0.292274490462516,0.524930571497186,0.9033,0.8389,0.242643172170088,0.581253916234451,0.8708,0.6504,0.264927304518606,0.566958594398278,0.8869,0.7414,0.377580433720277,0.401254905750271,0.9376,1,0.377580433720277,0.401254905750271,0.9376,1,0.377580433720277,0.401254905750271,0.9376,1,0.292274490462516,0.524930571497186,0.9033,0.8389,0.242643172170088,0.581253916234451,0.8708,0.6504,0.264927304518606,0.566958594398278,0.8869,0.7414,0.305582612352223,0.482400257367872,0.9151,0.8285,0.335510960254808,0.453513022577262,0.93,0.9036
1.1,0.4,0.367289440160628,0.574564047806393,0.936,0.9899,0.268484895683472,0.381449311229542,0.9016,0.848,0.274232667540447,0.499009503671443,0.9086,0.8431,0.231494570894373,0.552919488627331,0.8778,0.6627,0.254125010889409,0.530789488497281,0.8948,0.7522,0.345376596836505,0.367289440160628,0.936,1,0.345376596836505,0.367289440160628,0.936,1,0.345376596836505,0.367289440160628,0.936,1,0.274232667540447,0.499009503671443,0.9086,0.8431,0.231494570894373,0.552919488627331,0.8778,0.6627,0.254125010889409,0.530789488497281,0.8948,0.7522,0.288387602945206,0.452323765133165,0.9226,0.834,0.312255588680796,0.427543592442636,0.9324,0.9065
1.2,0.4,0.337817016836516,0.578166458093424,0.9313,0.9897,0.246023363985109,0.350386469850312,0.8981,0.8539,0.261786736280482,0.506093341399719,0.9113,0.8456,0.216646327786389,0.555191885573678,0.8853,0.6633,0.234944230828088,0.539176985750737,0.895,0.7498,0.317341219584394,0.337817016836516,0.9313,1,0.317341219584394,0.337817016836516,0.9313,1,0.317341219584394,0.337817016836516,0.9313,1,0.261786736280482,0.506093341399719,0.9113,0.8456,0.216646327786389,0.555191885573678,0.8853,0.6633,0.234944230828088,0.539176985750737,0.895,0.7498,0.270185033713695,0.428834617634393,0.9204,0.8412,0.287708430132789,0.394529543703451,0.9275,0.9111
1.3,0.4,0.311995030651375,0.533426120570792,0.9299,0.9908,0.228658686044764,0.327611034889696,0.8988,0.8551,0.233043045043184,0.446537068606458,0.9062,0.8491,0.19322378578851,0.506432066713136,0.8752,0.6607,0.208836772795437,0.486990830718961,0.886,0.7537,0.293151702606938,0.311995030651375,0.9299,1,0.293151702606938,0.311995030651375,0.9299,1,0.293151702606938,0.311995030651375,0.9299,1,0.233043045043184,0.446537068606458,0.9062,0.8491,0.19322378578851,0.506432066713136,0.8752,0.6607,0.208836772795437,0.486990830718961,0.886,0.7537,0.24391412796687,0.394098970989783,0.9184,0.8392,0.262792913272581,0.369591283442752,0.927,0.9121
